 id,Group,Name,rows,cols,entries
2758,Mycielski,mycielskian2,2,2,2
2759,Mycielski,mycielskian3,5,5,10
449,Grund,b1_ss,7,7,15
904,vanHeukelum,cage3,5,5,19
1525,Pajek,Tina_AskCal,11,11,29
1526,Pajek,Tina_AskCog,11,11,36
1479,Pajek,GD01_b,18,18,37
2760,Mycielski,mycielskian4,11,11,40
1527,Pajek,Tina_DisCal,11,11,41
1440,Oberwolfach,LFAT5,14,14,46
1528,Pajek,Tina_DisCog,11,11,48
905,vanHeukelum,cage4,9,9,49
185,HB,jgl009,9,9,50
1495,Pajek,GD98_a,38,38,50
1485,Pajek,GD95_a,36,36,57
1516,Pajek,Ragusa18,23,23,64
186,HB,jgl011,11,11,76
238,HB,rgg010,10,10,76
1515,Pajek,Ragusa16,24,24,81
1438,Oberwolfach,LF10,18,18,82
1481,Pajek,GD02_a,23,23,87
1524,Pajek,Stranke94,10,10,90
1486,Pajek,GD95_b,73,73,96
1199,Hamrle,Hamrle1,32,32,98
1474,Pajek,football,35,35,118
1501,Pajek,GlossGT,72,72,122
168,HB,ibm32,32,32,126
13,HB,bcspwr01,39,39,131
1480,Pajek,GD01_c,33,33,135
2761,Mycielski,mycielskian5,23,23,142
2203,JGD_Trefethen,Trefethen_20b,19,19,147
464,Grund,d_ss,53,53,149
1499,Pajek,GD99_c,105,105,149
2399,Newman,karate,34,34,156
2204,JGD_Trefethen,Trefethen_20,20,20,158
97,HB,can_24,24,24,160
14,HB,bcspwr02,49,49,167
1177,HB,lap_25,25,25,169
232,HB,pores_1,30,30,180
1496,Pajek,GD98_b,121,121,207
2097,JGD_Homology,n3c6-b1,105,105,210
103,HB,can_62,62,62,218
133,HB,dwt_72,72,72,222
1491,Pajek,GD96_d,180,180,229
1482,Pajek,GD02_b,80,80,232
906,vanHeukelum,cage5,37,37,233
462,Grund,d_dyn,87,87,238
463,Grund,d_dyn1,87,87,238
1519,Pajek,Sandi_authors,86,86,248
1490,Pajek,GD96_c,65,65,250
1498,Pajek,GD99_b,64,64,252
2149,JGD_Margulies,cat_ears_2_1,85,85,254
1493,Pajek,GD97_b,47,47,264
129,HB,dwt_59,59,59,267
436,FIDAP,ex5,27,27,279
274,HB,will57,57,57,281
1487,Pajek,GD95_c,62,62,287
109,HB,curtis54,54,54,291
262,HB,west0067,67,67,294
861,MathWorks,pivtol,102,102,306
872,Pothen,mesh1e1,48,48,306
873,Pothen,mesh1em1,48,48,306
874,Pothen,mesh1em6,48,48,306
172,HB,impcol_b,59,59,312
2396,Newman,dolphins,62,62,318
132,HB,dwt_66,66,66,320
1492,Pajek,GD97_a,84,84,332
1497,Pajek,GD98_c,112,112,336
2457,DIMACS10,chesapeake,39,39,340
296,Bai,bfwb62,62,62,342
264,HB,west0156,156,156,371
106,HB,can_73,73,73,377
1484,Pajek,GD06_theory,101,101,380
318,Bai,olm100,100,100,396
337,Bai,tub100,100,100,396
23,HB,bcsstk01,48,48,400
173,HB,impcol_c,137,137,411
263,HB,west0132,132,132,414
161,HB,gre_115,115,115,421
293,Bai,bfwa62,62,62,450
883,Pothen,sphere2,66,66,450
1475,Pajek,GD00_a,352,352,458
1494,Pajek,GD97_c,452,452,460
2762,Mycielski,mycielskian6,47,47,472
15,HB,bcspwr03,118,118,476
334,Bai,rw136,136,136,479
265,HB,west0167,167,167,507
2400,Newman,lesmis,77,77,508
11,HB,ash85,85,85,523
136,HB,dwt_87,87,87,541
102,HB,can_61,61,61,557
171,HB,impcol_a,207,207,572
2194,JGD_SPG,08blocks,300,300,592
220,HB,nos4,100,100,594
25,HB,bcsstk03,112,112,640
44,HB,bcsstk22,138,138,696
273,HB,will199,199,199,701
1326,Morandini,rotor1,100,100,708
108,HB,can_96,96,96,768
907,vanHeukelum,cage6,93,93,785
298,Bai,bwm200,200,200,796
1195,Rajat,rajat11,135,135,812
118,HB,dwt_234,234,234,834
2417,AG-Monien,grid1_dual,224,224,840
2389,Newman,adjnoun,112,112,850
1325,Morandini,robot,120,120,870
163,HB,gre_216a,216,216,876
164,HB,gre_216b,216,216,876
2403,Newman,polbooks,105,105,882
2734,VDOL,spaceStation_1,99,99,927
253,HB,steam3,80,80,928
313,Bai,lop163,163,163,935
2416,AG-Monien,grid1,252,252,952
306,Bai,ck104,104,104,992
1523,Pajek,SmallW,396,396,994
162,HB,gre_185,185,185,1005
1943,JGD_CAG,CAG_mat72,72,72,1012
217,HB,nos1,237,237,1017
1476,Pajek,GD00_c,638,638,1041
323,Bai,pde225,225,225,1065
141,HB,fs_183_1,183,183,1069
142,HB,fs_183_3,183,183,1069
143,HB,fs_183_4,183,183,1069
144,HB,fs_183_6,183,183,1069
1630,Bai,rdb200,200,200,1120
1631,Bai,rdb200l,200,200,1120
239,HB,saylr1,238,238,1128
113,HB,dwt_162,162,162,1182
2338,Rommes,ww_36_pmec_36,66,66,1194
316,Bai,odepa400,400,400,1201
2397,Newman,football,115,115,1226
6,HB,arc130,130,130,1282
93,HB,can_144,144,144,1296
175,HB,impcol_e,225,225,1308
2357,Rommes,M10PI_n1,528,528,1317
2365,Rommes,S10PI_n1,528,528,1317
94,HB,can_161,161,161,1377
1189,Rajat,rajat05,301,301,1384
115,HB,dwt_198,198,198,1392
2858,ML_Graph,breasttissue_10NN,106,106,1412
165,HB,gre_343,343,343,1435
119,HB,dwt_245,245,245,1461
95,HB,can_187,187,187,1491
215,HB,nnc261,261,261,1500
1198,Rajat,rajat14,180,180,1503
2763,Mycielski,mycielskian7,95,95,1510
2559,CPM,cz148,148,148,1527
1112,Sandia,oscil_dcop_01,430,430,1544
1113,Sandia,oscil_dcop_02,430,430,1544
1114,Sandia,oscil_dcop_03,430,430,1544
1115,Sandia,oscil_dcop_04,430,430,1544
1116,Sandia,oscil_dcop_05,430,430,1544
1117,Sandia,oscil_dcop_06,430,430,1544
1118,Sandia,oscil_dcop_07,430,430,1544
1119,Sandia,oscil_dcop_08,430,430,1544
1120,Sandia,oscil_dcop_09,430,430,1544
1121,Sandia,oscil_dcop_10,430,430,1544
1122,Sandia,oscil_dcop_11,430,430,1544
1123,Sandia,oscil_dcop_12,430,430,1544
1124,Sandia,oscil_dcop_13,430,430,1544
1125,Sandia,oscil_dcop_14,430,430,1544
1126,Sandia,oscil_dcop_15,430,430,1544
1127,Sandia,oscil_dcop_16,430,430,1544
1128,Sandia,oscil_dcop_17,430,430,1544
1129,Sandia,oscil_dcop_18,430,430,1544
1130,Sandia,oscil_dcop_19,430,430,1544
1131,Sandia,oscil_dcop_20,430,430,1544
1132,Sandia,oscil_dcop_21,430,430,1544
1133,Sandia,oscil_dcop_22,430,430,1544
1134,Sandia,oscil_dcop_23,430,430,1544
1135,Sandia,oscil_dcop_24,430,430,1544
1136,Sandia,oscil_dcop_25,430,430,1544
1137,Sandia,oscil_dcop_26,430,430,1544
1138,Sandia,oscil_dcop_27,430,430,1544
1139,Sandia,oscil_dcop_28,430,430,1544
1140,Sandia,oscil_dcop_29,430,430,1544
1141,Sandia,oscil_dcop_30,430,430,1544
1142,Sandia,oscil_dcop_31,430,430,1544
1143,Sandia,oscil_dcop_32,430,430,1544
1144,Sandia,oscil_dcop_33,430,430,1544
1145,Sandia,oscil_dcop_34,430,430,1544
1146,Sandia,oscil_dcop_35,430,430,1544
1147,Sandia,oscil_dcop_36,430,430,1544
1148,Sandia,oscil_dcop_37,430,430,1544
1149,Sandia,oscil_dcop_38,430,430,1544
1150,Sandia,oscil_dcop_39,430,430,1544
1151,Sandia,oscil_dcop_40,430,430,1544
1152,Sandia,oscil_dcop_41,430,430,1544
1153,Sandia,oscil_dcop_42,430,430,1544
1154,Sandia,oscil_dcop_43,430,430,1544
1155,Sandia,oscil_dcop_44,430,430,1544
1156,Sandia,oscil_dcop_45,430,430,1544
1157,Sandia,oscil_dcop_46,430,430,1544
1158,Sandia,oscil_dcop_47,430,430,1544
1159,Sandia,oscil_dcop_48,430,430,1544
1160,Sandia,oscil_dcop_49,430,430,1544
1161,Sandia,oscil_dcop_50,430,430,1544
1162,Sandia,oscil_dcop_51,430,430,1544
1163,Sandia,oscil_dcop_52,430,430,1544
1164,Sandia,oscil_dcop_53,430,430,1544
1165,Sandia,oscil_dcop_54,430,430,1544
1166,Sandia,oscil_dcop_55,430,430,1544
1167,Sandia,oscil_dcop_56,430,430,1544
1168,Sandia,oscil_dcop_57,430,430,1544
16,HB,bcspwr04,274,274,1612
1169,Sandia,oscil_trans_01,430,430,1614
17,HB,bcspwr05,443,443,1623
117,HB,dwt_221,221,221,1629
2361,Rommes,M10PI_n,682,682,1633
2369,Rommes,S10PI_n,682,682,1633
2,HB,494_bus,494,494,1666
247,HB,shl_0,663,663,1687
249,HB,shl_400,663,663,1712
248,HB,shl_200,663,663,1726
268,HB,west0497,497,497,1727
116,HB,dwt_209,209,209,1743
1641,Bai,tols90,90,90,1746
202,HB,lshp_265,265,265,1753
96,HB,can_229,229,229,1777
2748,VDOL,tumorAntiAngiogenesis_1,205,205,1783
884,Pothen,sphere3,258,258,1794
335,Bai,rw496,496,496,1859
877,Pothen,mesh3e1,289,289,1889
878,Pothen,mesh3em5,289,289,1889
267,HB,west0479,479,479,1910
321,Bai,olm500,500,500,1996
875,Pothen,mesh2e1,306,306,2018
876,Pothen,mesh2em5,306,306,2018
2205,JGD_Trefethen,Trefethen_150,150,150,2040
266,HB,west0381,381,381,2157
166,HB,gre_512,512,512,2192
1639,Bai,tols340,340,340,2196
8,HB,ash292,292,292,2208
2890,ML_Graph,YaleA_10NN,165,165,2268
1864,Muite,Chebyshev1,261,261,2319
2421,AG-Monien,netz4504_dual,615,615,2342
2392,Newman,celegansneural,297,297,2345
2015,JGD_Homology,ch5-5-b3,600,600,2400
926,FEMLAB,poisson2D,367,367,2417
27,HB,bcsstk05,153,153,2423
2866,ML_Graph,dermatology_5NN,366,366,2440
207,HB,lund_b,147,147,2441
122,HB,dwt_310,310,310,2448
206,HB,lund_a,147,147,2449
254,HB,str_0,363,363,2454
3,HB,662_bus,662,662,2474
310,Bai,dw256A,512,512,2480
1616,Bai,dwa512,512,512,2480
311,Bai,dw256B,512,512,2500
1617,Bai,dwb512,512,512,2500
121,HB,dwt_307,307,307,2523
100,HB,can_292,292,292,2540
2358,Rommes,M20PI_n1,1028,1028,2547
2366,Rommes,S20PI_n1,1028,1028,2547
1634,Bai,rdb450,450,450,2580
1635,Bai,rdb450l,450,450,2580
1465,Pajek,Erdos971,472,472,2628
1172,MathWorks,Harvard500,500,500,2636
149,HB,fs_680_1,680,680,2646
150,HB,fs_680_2,680,680,2646
151,HB,fs_680_3,680,680,2646
212,HB,mcca,180,180,2659
2749,VDOL,tumorAntiAngiogenesis_2,305,305,2699
203,HB,lshp_406,406,406,2716
1467,Pajek,Erdos981,485,485,2762
929,FEMLAB,problem1,415,415,2779
1469,Pajek,Erdos991,492,492,2834
269,HB,west0655,655,655,2854
307,Bai,ck400,400,400,2860
2206,JGD_Trefethen,Trefethen_200b,199,199,2873
2362,Rommes,M20PI_n,1182,1182,2881
2370,Rommes,S20PI_n,1182,1182,2881
2207,JGD_Trefethen,Trefethen_200,200,200,2890
2718,VDOL,orbitRaising_1,442,442,2906
295,Bai,bfwb398,398,398,2910
98,HB,can_256,256,256,2916
1627,Bai,qh768,768,768,2934
124,HB,dwt_361,361,361,2953
2869,ML_Graph,Glass_10NN,214,214,2986
255,HB,str_200,363,363,3068
99,HB,can_268,268,268,3082
908,vanHeukelum,cage7,340,340,3084
42,HB,bcsstk20,485,485,3135
824,TOKAMAK,utm300,300,300,3155
126,HB,dwt_492,492,492,3156
256,HB,str_400,363,363,3157
2560,CPM,cz308,308,308,3182
471,Gset,G11,800,800,3200
472,Gset,G12,800,800,3200
473,Gset,G13,800,800,3200
123,HB,dwt_346,346,346,3226
4,HB,685_bus,685,685,3249
222,HB,nos6,675,675,3255
82,HB,bp_0,822,822,3276
257,HB,str_600,363,363,3279
328,Bai,qh882,882,882,3354
1618,Bai,dwg961a,961,961,3405
234,HB,pores_3,532,532,3474
2691,VDOL,hangGlider_1,360,360,3477
114,HB,dwt_193,193,193,3493
270,HB,west0989,989,989,3537
1637,Bai,tols1090,1090,1090,3546
125,HB,dwt_419,419,419,3563
2429,AG-Monien,L,956,956,3640
26,HB,bcsstk04,132,132,3648
292,Bai,bfwa398,398,398,3678
2431,AG-Monien,stufe,1036,1036,3736
240,HB,saylr3,1000,1000,3750
242,HB,sherman1,1000,1000,3750
251,HB,steam1,240,240,3762
87,HB,bp_200,822,822,3802
101,HB,can_445,445,445,3809
308,Bai,ck656,656,656,3884
204,HB,lshp_577,577,577,3889
2750,VDOL,tumorAntiAngiogenesis_3,410,410,3952
280,HB,young3c,841,841,3988
319,Bai,olm1000,1000,1000,3996
338,Bai,tub1000,1000,1000,3996
88,HB,bp_400,822,822,4028
216,HB,nnc666,666,666,4044
1,HB,1138_bus,1138,1138,4054
2407,Arenas,celegans_metabolic,453,453,4065
278,HB,young1c,841,841,4089
279,HB,young2c,841,841,4089
281,HB,young4c,841,841,4089
218,HB,nos2,957,957,4137
89,HB,bp_600,822,822,4172
450,Grund,b2_ss,1089,1089,4228
1529,Pajek,USAir97,332,332,4252
451,Grund,b_dyn,1089,1089,4264
145,HB,fs_541_1,541,541,4285
146,HB,fs_541_2,541,541,4285
147,HB,fs_541_3,541,541,4285
148,HB,fs_541_4,541,541,4285
406,FIDAP,ex1,216,216,4352
24,HB,bcsstk02,66,66,4356
325,Bai,pde900,900,900,4380
90,HB,bp_800,822,822,4534
2867,ML_Graph,Ecoli_10NN,336,336,4560
2751,VDOL,tumorAntiAngiogenesis_4,455,455,4593
2754,VDOL,tumorAntiAngiogenesis_7,475,475,4597
223,HB,nos7,729,729,4617
1636,Bai,rdb800l,800,800,4640
83,HB,bp_1000,822,822,4661
2208,JGD_Trefethen,Trefethen_300,300,300,4678
300,Bai,cdde1,961,961,4681
301,Bai,cdde2,961,961,4681
302,Bai,cdde3,961,961,4681
303,Bai,cdde4,961,961,4681
304,Bai,cdde5,961,961,4681
305,Bai,cdde6,961,961,4681
2752,VDOL,tumorAntiAngiogenesis_5,460,460,4690
167,HB,hor_131,434,434,4710
2764,Mycielski,mycielskian8,191,191,4720
84,HB,bp_1200,822,822,4726
2755,VDOL,tumorAntiAngiogenesis_8,490,490,4776
85,HB,bp_1400,822,822,4790
2753,VDOL,tumorAntiAngiogenesis_6,465,465,4795
86,HB,bp_1600,822,822,4841
1522,Pajek,SmaGri,1059,1059,4919
2359,Rommes,M40PI_n1,2028,2028,5007
2367,Rommes,S40PI_n1,2028,2028,5007
1518,Pajek,Roget,1022,1022,5075
2736,VDOL,spaceStation_3,467,467,5103
130,HB,dwt_592,592,592,5104
2436,AG-Monien,cage,366,366,5124
131,HB,dwt_607,607,607,5131
2420,AG-Monien,netz4504,1961,1961,5156
221,HB,nos5,468,468,5172
1638,Bai,tols2000,2000,2000,5184
2673,VDOL,freeFlyingRobot_1,798,798,5246
205,HB,lshp_778,778,778,5272
18,HB,bcspwr06,1454,1454,5300
2363,Rommes,M40PI_n,2182,2182,5341
2371,Rommes,S40PI_n,2182,2182,5341
2665,VDOL,dynamicSoaringProblem_1,647,647,5367
271,HB,west1505,1505,1505,5445
2401,Newman,netscience,1589,1589,5484
2406,Arenas,jazz,198,198,5484
2872,ML_Graph,iris_dataset_30NN,150,150,5518
333,Bai,rdb968,968,968,5632
2879,ML_Graph,Olivetti_norm_10NN,400,400,5656
160,HB,gre_1107,1107,1107,5664
229,HB,plat362,362,362,5786
2735,VDOL,spaceStation_2,329,329,5817
19,HB,bcspwr07,1612,1612,5824
1059,Sandia,fpga_dcop_05,1220,1220,5852
1061,Sandia,fpga_dcop_07,1220,1220,5855
1060,Sandia,fpga_dcop_06,1220,1220,5860
1896,YZhou,circuit204,1020,1020,5883
1058,Sandia,fpga_dcop_04,1220,1220,5884
1064,Sandia,fpga_dcop_10,1220,1220,5884
1062,Sandia,fpga_dcop_08,1220,1220,5888
1063,Sandia,fpga_dcop_09,1220,1220,5888
1055,Sandia,fpga_dcop_01,1220,1220,5892
1056,Sandia,fpga_dcop_02,1220,1220,5892
1057,Sandia,fpga_dcop_03,1220,1220,5892
1065,Sandia,fpga_dcop_11,1220,1220,5892
1066,Sandia,fpga_dcop_12,1220,1220,5892
1067,Sandia,fpga_dcop_13,1220,1220,5892
1068,Sandia,fpga_dcop_14,1220,1220,5892
1069,Sandia,fpga_dcop_15,1220,1220,5892
1070,Sandia,fpga_dcop_16,1220,1220,5892
1071,Sandia,fpga_dcop_17,1220,1220,5892
1072,Sandia,fpga_dcop_18,1220,1220,5892
1073,Sandia,fpga_dcop_19,1220,1220,5892
1074,Sandia,fpga_dcop_20,1220,1220,5892
1075,Sandia,fpga_dcop_21,1220,1220,5892
1076,Sandia,fpga_dcop_22,1220,1220,5892
1077,Sandia,fpga_dcop_23,1220,1220,5892
1078,Sandia,fpga_dcop_24,1220,1220,5892
1079,Sandia,fpga_dcop_25,1220,1220,5892
1080,Sandia,fpga_dcop_26,1220,1220,5892
1081,Sandia,fpga_dcop_27,1220,1220,5892
1082,Sandia,fpga_dcop_28,1220,1220,5892
1083,Sandia,fpga_dcop_29,1220,1220,5892
1084,Sandia,fpga_dcop_30,1220,1220,5892
1085,Sandia,fpga_dcop_31,1220,1220,5892
1086,Sandia,fpga_dcop_32,1220,1220,5892
1087,Sandia,fpga_dcop_33,1220,1220,5892
1088,Sandia,fpga_dcop_34,1220,1220,5892
1089,Sandia,fpga_dcop_35,1220,1220,5892
1090,Sandia,fpga_dcop_36,1220,1220,5892
1091,Sandia,fpga_dcop_37,1220,1220,5892
1092,Sandia,fpga_dcop_38,1220,1220,5892
1093,Sandia,fpga_dcop_39,1220,1220,5892
1094,Sandia,fpga_dcop_40,1220,1220,5892
1095,Sandia,fpga_dcop_41,1220,1220,5892
1096,Sandia,fpga_dcop_42,1220,1220,5892
1097,Sandia,fpga_dcop_43,1220,1220,5892
1098,Sandia,fpga_dcop_44,1220,1220,5892
1099,Sandia,fpga_dcop_45,1220,1220,5892
1100,Sandia,fpga_dcop_46,1220,1220,5892
1101,Sandia,fpga_dcop_47,1220,1220,5892
1102,Sandia,fpga_dcop_48,1220,1220,5892
1103,Sandia,fpga_dcop_49,1220,1220,5892
1104,Sandia,fpga_dcop_50,1220,1220,5892
1105,Sandia,fpga_dcop_51,1220,1220,5892
226,HB,orsirr_2,886,886,5970
152,HB,fs_760_1,760,760,5976
153,HB,fs_760_2,760,760,5976
154,HB,fs_760_3,760,760,5976
297,Bai,bfwb782,782,782,5982
134,HB,dwt_758,758,758,5994
127,HB,dwt_503,503,503,6027
20,HB,bcspwr08,1624,1624,6050
2720,VDOL,orbitRaising_3,761,761,6098
1626,Bai,qh1484,1484,1484,6110
2465,DIMACS10,delaunay_n10,1024,1024,6112
2705,VDOL,lowThrust_1,584,584,6133
176,HB,jagmesh1,936,936,6264
2561,CPM,cz628,628,628,6346
21,HB,bcspwr09,1723,1723,6511
2719,VDOL,orbitRaising_2,739,739,6526
2331,Gleich,minnesota,2642,2642,6606
105,HB,can_715,715,715,6665
1471,Pajek,EVA,8497,8497,6726
41,HB,bcsstk19,817,817,6853
225,HB,orsirr_1,1030,1030,6858
177,HB,jagmesh2,1009,1009,6865
194,HB,lshp1009,1009,1009,6865
2730,VDOL,spaceShuttleEntry_1,560,560,6891
2886,ML_Graph,umistfacesnorm_10NN,575,575,6990
2423,AG-Monien,ukerbe1_dual,1866,1866,7076
104,HB,can_634,634,634,7228
62,HB,bcsstm07,420,420,7252
135,HB,dwt_869,869,869,7285
1628,Bai,rdb1250,1250,1250,7300
1629,Bai,rdb1250l,1250,1250,7300
2722,VDOL,reorientation_1,677,677,7326
380,DRIVCAV,cavity01,317,317,7327
382,DRIVCAV,cavity03,317,317,7327
272,HB,west2021,2021,2021,7353
178,HB,jagmesh3,1089,1089,7361
1401,Bates,Chem97ZtZ,2541,2541,7361
1106,Sandia,fpga_trans_01,1220,1220,7382
1107,Sandia,fpga_trans_02,1220,1220,7382
138,HB,dwt_918,918,918,7384
893,Norris,lung1,1650,1650,7419
2885,ML_Graph,Spectro_10NN,531,531,7422
137,HB,dwt_878,878,878,7448
182,HB,jagmesh7,1138,1138,7450
183,HB,jagmesh8,1141,1141,7465
294,Bai,bfwa782,782,782,7514
208,HB,mahindas,1258,1258,7682
159,HB,gr_30_30,900,900,7744
180,HB,jagmesh5,1180,1180,7750
287,Averous,epb0,1794,1794,7764
2721,VDOL,orbitRaising_4,915,915,7790
28,HB,bcsstk06,420,420,7860
29,HB,bcsstk07,420,420,7860
299,Bai,bwm2000,2000,2000,7996
320,Bai,olm2000,2000,2000,7996
494,Gset,G32,2000,2000,8000
495,Gset,G33,2000,2000,8000
496,Gset,G34,2000,2000,8000
1483,Pajek,GD06_Java,1538,1538,8032
2428,AG-Monien,diag,2559,2559,8184
467,Grund,poli,4008,4008,8188
2209,JGD_Trefethen,Trefethen_500,500,500,8478
2689,VDOL,goddardRocketProblem_1,831,831,8498
111,HB,dwt_1007,1007,1007,8575
214,HB,nnc1374,1374,1374,8606
110,HB,dwt_1005,1005,1005,8621
195,HB,lshp1270,1270,1270,8668
2195,JGD_SPG,EX1,560,560,8736
2196,JGD_SPG,EX2,560,560,8736
1640,Bai,tols4000,4000,4000,8784
1463,Pajek,EPA,4772,4772,8965
1442,Oberwolfach,rail_1357,1357,1357,8985
181,HB,jagmesh6,1377,1377,8993
1239,GHS_indef,laser,3002,3002,9000
1790,Meszaros,iprob,3001,3001,9000
2690,VDOL,goddardRocketProblem_2,867,867,9058
184,HB,jagmesh9,1349,1349,9101
475,Gset,G15,800,800,9322
479,Gset,G19,800,800,9322
477,Gset,G17,800,800,9334
482,Gset,G21,800,800,9334
476,Gset,G16,800,800,9344
481,Gset,G20,800,800,9344
474,Gset,G14,800,800,9388
478,Gset,G18,800,800,9388
179,HB,jagmesh4,1440,1440,9504
233,HB,pores_2,1224,1224,9613
1188,Rajat,rajat04,1041,1041,9642
2877,ML_Graph,micromass_10NN,571,571,9668
2360,Rommes,M80PI_n1,4028,4028,9927
2368,Rommes,S80PI_n1,4028,4028,9927
107,HB,can_838,838,838,10010
309,Bai,dw1024,2048,2048,10114
1614,Bai,dw2048,2048,2048,10114
2364,Rommes,M80PI_n,4182,4182,10261
2372,Rommes,S80PI_n,4182,4182,10261
1521,Pajek,SciMet,3084,3084,10413
112,HB,dwt_1242,1242,1242,10426
1619,Bai,dwg961b,961,961,10591
196,HB,lshp1561,1561,1561,10681
1327,Morandini,rotor2,791,791,10685
1430,Oberwolfach,filter2D,1668,1668,10750
2888,ML_Graph,Vehicle_10NN,846,846,10894
2408,Arenas,email,1133,1133,10902
909,vanHeukelum,cage8,1015,1015,11003
988,Sandia,adder_dcop_05,1813,1813,11097
987,Sandia,adder_dcop_04,1813,1813,11107
986,Sandia,adder_dcop_03,1813,1813,11148
984,Sandia,adder_dcop_01,1813,1813,11156
1108,Sandia,init_adder1,1813,1813,11156
1186,Rajat,rajat02,1960,1960,11187
989,Sandia,adder_dcop_06,1813,1813,11224
990,Sandia,adder_dcop_07,1813,1813,11226
993,Sandia,adder_dcop_10,1813,1813,11232
992,Sandia,adder_dcop_09,1813,1813,11239
991,Sandia,adder_dcop_08,1813,1813,11242
994,Sandia,adder_dcop_11,1813,1813,11243
996,Sandia,adder_dcop_13,1813,1813,11245
1002,Sandia,adder_dcop_19,1813,1813,11245
1027,Sandia,adder_dcop_44,1813,1813,11245
985,Sandia,adder_dcop_02,1813,1813,11246
995,Sandia,adder_dcop_12,1813,1813,11246
997,Sandia,adder_dcop_14,1813,1813,11246
998,Sandia,adder_dcop_15,1813,1813,11246
999,Sandia,adder_dcop_16,1813,1813,11246
1000,Sandia,adder_dcop_17,1813,1813,11246
1001,Sandia,adder_dcop_18,1813,1813,11246
1003,Sandia,adder_dcop_20,1813,1813,11246
1004,Sandia,adder_dcop_21,1813,1813,11246
1005,Sandia,adder_dcop_22,1813,1813,11246
1006,Sandia,adder_dcop_23,1813,1813,11246
1007,Sandia,adder_dcop_24,1813,1813,11246
1008,Sandia,adder_dcop_25,1813,1813,11246
1009,Sandia,adder_dcop_26,1813,1813,11246
1010,Sandia,adder_dcop_27,1813,1813,11246
1011,Sandia,adder_dcop_28,1813,1813,11246
1012,Sandia,adder_dcop_29,1813,1813,11246
1013,Sandia,adder_dcop_30,1813,1813,11246
1014,Sandia,adder_dcop_31,1813,1813,11246
1015,Sandia,adder_dcop_32,1813,1813,11246
1016,Sandia,adder_dcop_33,1813,1813,11246
1017,Sandia,adder_dcop_34,1813,1813,11246
1018,Sandia,adder_dcop_35,1813,1813,11246
1019,Sandia,adder_dcop_36,1813,1813,11246
1020,Sandia,adder_dcop_37,1813,1813,11246
1021,Sandia,adder_dcop_38,1813,1813,11246
1022,Sandia,adder_dcop_39,1813,1813,11246
1023,Sandia,adder_dcop_40,1813,1813,11246
1024,Sandia,adder_dcop_41,1813,1813,11246
1025,Sandia,adder_dcop_42,1813,1813,11246
1026,Sandia,adder_dcop_43,1813,1813,11246
1028,Sandia,adder_dcop_45,1813,1813,11246
1029,Sandia,adder_dcop_46,1813,1813,11246
1030,Sandia,adder_dcop_47,1813,1813,11246
1031,Sandia,adder_dcop_48,1813,1813,11246
1032,Sandia,adder_dcop_49,1813,1813,11246
1033,Sandia,adder_dcop_50,1813,1813,11246
1034,Sandia,adder_dcop_51,1813,1813,11246
1035,Sandia,adder_dcop_52,1813,1813,11246
1036,Sandia,adder_dcop_53,1813,1813,11246
1037,Sandia,adder_dcop_54,1813,1813,11246
1038,Sandia,adder_dcop_55,1813,1813,11246
1039,Sandia,adder_dcop_56,1813,1813,11246
1040,Sandia,adder_dcop_57,1813,1813,11246
1041,Sandia,adder_dcop_58,1813,1813,11246
1042,Sandia,adder_dcop_59,1813,1813,11246
1043,Sandia,adder_dcop_60,1813,1813,11246
1044,Sandia,adder_dcop_61,1813,1813,11246
1045,Sandia,adder_dcop_62,1813,1813,11246
1046,Sandia,adder_dcop_63,1813,1813,11246
1047,Sandia,adder_dcop_64,1813,1813,11246
1048,Sandia,adder_dcop_65,1813,1813,11246
1049,Sandia,adder_dcop_66,1813,1813,11246
1050,Sandia,adder_dcop_67,1813,1813,11246
1051,Sandia,adder_dcop_68,1813,1813,11246
1052,Sandia,adder_dcop_69,1813,1813,11246
429,FIDAP,ex32,1159,1159,11343
1535,Zitney,extr1b,2836,2836,11404
836,Zitney,extr1,2837,2837,11407
259,HB,watt_2,1856,1856,11550
2674,VDOL,freeFlyingRobot_2,1338,1338,11600
515,Gset,G51,1000,1000,11818
517,Gset,G53,1000,1000,11828
516,Gset,G52,1000,1000,11832
518,Gset,G54,1000,1000,11832
511,Gset,G48,3000,3000,12000
512,Gset,G49,3000,3000,12000
514,Gset,G50,3000,3000,12000
331,Bai,rdb2048,2048,2048,12032
1632,Bai,rdb2048_noL,2048,2048,12032
1506,Pajek,Journals,124,124,12068
91,HB,can_1054,1054,1054,12196
2419,AG-Monien,grid2_dual,3136,3136,12224
2466,DIMACS10,delaunay_n11,2048,2048,12254
1613,Bai,cryg2500,2500,2500,12349
92,HB,can_1072,1072,1072,12444
2210,JGD_Trefethen,Trefethen_700,700,700,12654
2562,CPM,cz1268,1268,1268,12786
2418,AG-Monien,grid2,3296,3296,12864
197,HB,lshp1882,1882,1882,12904
2675,VDOL,freeFlyingRobot_3,1718,1718,12922
1196,Rajat,rajat12,1879,1879,12926
30,HB,bcsstk08,1074,1074,12960
1530,Pajek,USpowerGrid,4941,4941,13188
2404,Newman,power,4941,4941,13188
838,Zitney,radfr1,1048,1048,13299
2876,ML_Graph,mice_10NN,1077,1077,13484
1942,JGD_CAG,CAG_mat364,364,364,13585
2737,VDOL,spaceStation_4,950,950,13626
2531,DIMACS10,uk,4824,4824,13674
252,HB,steam2,600,600,13760
1533,Pajek,yeast,2361,2361,13828
227,HB,orsreg_1,2205,2205,14133
1466,Pajek,Erdos972,5488,5488,14170
2765,Mycielski,mycielskian9,383,383,14542
1053,Sandia,adder_trans_01,1814,1814,14579
1054,Sandia,adder_trans_02,1814,1814,14579
324,Bai,pde2961,2961,2961,14585
1468,Pajek,Erdos982,5822,5822,14750
2692,VDOL,hangGlider_2,1647,1647,14754
81,HB,blckhole,2132,2132,14872
1378,MathWorks,Sieber,2290,2290,14873
1470,Pajek,Erdos992,6100,6100,15030
1537,Schenk_IBMNA,c-18,2169,2169,15145
2738,VDOL,spaceStation_5,1019,1019,15219
198,HB,lshp2233,2233,2233,15337
2666,VDOL,dynamicSoaringProblem_2,1591,1591,15588
2422,AG-Monien,ukerbe1,5981,5981,15704
219,HB,nos3,960,960,15844
1456,Pajek,California,9664,9664,16150
2860,ML_Graph,collins_15NN,1000,1000,16492
139,HB,dwt_992,992,992,16744
1464,Pajek,Erdos02,6927,6927,16944
329,Bai,rbsa480,480,480,17088
330,Bai,rbsb480,480,480,17088
539,Hamm,add20,2395,2395,17319
2743,VDOL,spaceStation_10,1272,1272,17478
2739,VDOL,spaceStation_6,1111,1111,17595
1360,PARSEC,Si2,769,769,17801
2723,VDOL,reorientation_2,1544,1544,17910
199,HB,lshp2614,2614,2614,17980
2676,VDOL,freeFlyingRobot_4,2358,2358,18218
1446,Oberwolfach,spiral,1434,1434,18228
1512,Pajek,ODLIS,2909,2909,18246
2740,VDOL,spaceStation_7,1134,1134,18252
2859,ML_Graph,cnae9_10NN,1080,1080,18278
31,HB,bcsstk09,1083,1083,18437
1865,Muite,Chebyshev2,2053,2053,18447
140,HB,eris1176,1176,1176,18552
1633,Bai,rdb3200l,3200,3200,18880
2741,VDOL,spaceStation_8,1157,1157,18945
2744,VDOL,spaceStation_11,1364,1364,18954
2402,Newman,polblogs,1490,1490,19025
830,Wang,wang1,2903,2903,19093
831,Wang,wang2,2903,2903,19093
418,FIDAP,ex21,656,656,19144
2857,ML_Graph,Binaryalphadigs_10NN,1404,1404,19392
545,Hollinger,g7jac010,2880,2880,19635
546,Hollinger,g7jac010sc,2880,2880,19635
67,HB,bcsstm12,1473,1473,19659
2742,VDOL,spaceStation_9,1180,1180,19674
2745,VDOL,spaceStation_12,1410,1410,19728
506,Gset,G43,1000,1000,19980
507,Gset,G44,1000,1000,19980
508,Gset,G45,1000,1000,19980
509,Gset,G46,1000,1000,19980
510,Gset,G47,1000,1000,19980
322,Bai,olm5000,5000,5000,19996
521,Gset,G57,5000,5000,20000
810,Shyy,shyy41,4720,4720,20042
336,Bai,rw5151,5151,5151,20199
2777,SNAP,CollegeMsg,1899,1899,20296
2696,VDOL,kineticBatchReactor_1,2052,2052,20600
2311,SNAP,p2p-Gnutella08,6301,6301,20777
200,HB,lshp3025,3025,3025,20833
828,Wang,swang1,3169,3169,20841
829,Wang,swang2,3169,3169,20841
371,Bomhof,circuit_2,4510,4510,21199
2883,ML_Graph,plantstexture_10NN,1599,1599,21204
460,Grund,bayer09,3083,3083,21216
339,Boeing,bcsstk34,588,588,21418
1538,Schenk_IBMNA,c-19,2327,2327,21817
22,HB,bcspwr10,5300,5300,21842
2881,ML_Graph,Plants_10NN,1600,1600,21930
32,HB,bcsstk10,1086,1086,22070
65,HB,bcsstm10,1086,1086,22092
1200,Hamrle,Hamrle2,5952,5952,22162
1181,HB,lock_700,700,700,22175
430,FIDAP,ex33,1733,1733,22189
2884,ML_Graph,semeion_10NN,1593,1593,22226
241,HB,saylr4,3564,3564,22316
1539,Schenk_IBMNA,c-20,2921,2921,22685
419,FIDAP,ex22,839,839,22715
2863,ML_Graph,dataset18mfeatmorphological_10NN,2000,2000,22832
243,HB,sherman2,1080,1080,23094
755,Nasa,barth4,6019,6019,23492
498,Gset,G36,2000,2000,23532
503,Gset,G40,2000,2000,23532
497,Gset,G35,2000,2000,23556
501,Gset,G39,2000,2000,23556
500,Gset,G38,2000,2000,23558
505,Gset,G42,2000,2000,23558
499,Gset,G37,2000,2000,23570
504,Gset,G41,2000,2000,23570
2412,AG-Monien,airfoil1_dual,8034,8034,23626
2746,VDOL,spaceStation_13,1617,1617,23649
837,Zitney,hydr1,5308,5308,23752
1536,Zitney,hydr1c,5308,5308,23752
1500,Pajek,geom,7343,7343,23796
540,Hamm,add32,4960,4960,23884
201,HB,lshp3466,3466,3466,23896
2731,VDOL,spaceShuttleEntry_2,1428,1428,24073
2790,SNAP,soc-sign-bitcoin-alpha,3783,3783,24186
344,Boeing,bcsstm34,588,588,24270
2747,VDOL,spaceStation_14,1640,1640,24324
213,HB,mcfe,765,765,24382
2467,DIMACS10,delaunay_n12,4096,4096,24528
2411,AG-Monien,airfoil1,4253,4253,24578
2677,VDOL,freeFlyingRobot_5,2878,2878,24582
422,FIDAP,ex25,848,848,24612
2785,SNAP,email-Eu-core-temporal,1005,1005,24929
519,Gset,G55,5000,5000,24996
520,Gset,G56,5000,5000,24996
120,HB,dwt_2680,2680,2680,25026
2230,TSOPF,TSOPF_FS_b9_c1,2454,2454,25032
900,Shen,shermanACa,3432,3432,25220
2882,ML_Graph,plantsmargin_12NN,1600,1600,25482
2784,SNAP,email-Eu-core,1005,1005,25571
2563,CPM,cz2548,2548,2548,25674
2312,SNAP,p2p-Gnutella09,8114,8114,26013
2706,VDOL,lowThrust_2,2312,2312,26261
754,Nasa,barth,6691,6691,26439
2320,SNAP,as-735,7716,7716,26467
2410,AG-Monien,3elt_dual,9000,9000,26556
43,HB,bcsstk21,3600,3600,26600
327,Bai,qc324,324,324,26730
416,FIDAP,ex2,441,441,26839
2678,VDOL,freeFlyingRobot_6,3358,3358,27030
2865,ML_Graph,dataset22mfeatzernike_10NN,2000,2000,27414
2861,ML_Graph,dataset12mfeatfactors_10NN,2000,2000,27442
2409,AG-Monien,3elt,4720,4720,27444
457,Grund,bayer06,3008,3008,27576
459,Grund,bayer08,3008,3008,27576
2862,ML_Graph,dataset16mfeatkarhunen_10NN,2000,2000,27668
456,Grund,bayer05,3268,3268,27836
458,Grund,bayer07,3268,3268,27836
2864,ML_Graph,dataset20mfeatpixel_10NN,2000,2000,27932
527,Gset,G62,7000,7000,28000
917,Hohn,fd12,7500,7500,28462
1328,MathWorks,tomography,500,500,28726
2732,VDOL,spaceShuttleEntry_3,1834,1834,28757
1541,Schenk_IBMNA,c-22,3792,3792,28872
2297,SNAP,ca-GrQc,5242,5242,28980
358,Boeing,msc01050,1050,1050,29156
2827,TAMU_SmartGridCenter,ACTIVSg2000,4000,4000,29336
332,Bai,rdb5000,5000,5000,29600
2522,DIMACS10,data,2851,2851,30186
48,HB,bcsstk26,1922,1922,30336
2656,LeGresley,LeGresley_4908,4908,4908,30482
1547,Schenk_IBMNA,c-28,4598,4598,30590
1911,TKK,plbuckle,1282,1282,30644
2679,VDOL,freeFlyingRobot_7,3918,3918,31046
1542,Schenk_IBMNA,c-23,3969,3969,31079
1546,Schenk_IBMNA,c-27,4563,4563,31375
2398,Newman,hep-th,8361,8361,31502
2310,SNAP,p2p-Gnutella06,8717,8717,31525
871,Pothen,commanche_dual,7920,7920,31680
2309,SNAP,p2p-Gnutella05,8846,8846,31839
530,Gset,G65,8000,8000,32000
2667,VDOL,dynamicSoaringProblem_3,2871,2871,32022
1540,Schenk_IBMNA,c-21,3509,3509,32157
2724,VDOL,reorientation_3,2513,2513,32166
434,FIDAP,ex4,1601,1601,32299
228,HB,plat1919,1919,1919,32399
1187,Rajat,rajat03,7602,7602,32653
384,DRIVCAV,cavity05,1182,1182,32747
386,DRIVCAV,cavity07,1182,1182,32747
388,DRIVCAV,cavity09,1182,1182,32747
468,Grund,poli_large,15575,15575,33074
157,HB,gemat12,4929,4929,33111
156,HB,gemat11,4929,4929,33185
2725,VDOL,reorientation_4,2717,2717,33630
33,HB,bcsstk11,1473,1473,34241
34,HB,bcsstk12,1473,1473,34241
525,Gset,G60,7000,7000,34296
526,Gset,G61,7000,7000,34296
357,Boeing,msc00726,726,726,34518
1545,Schenk_IBMNA,c-26,4307,4307,34537
2350,Rommes,bips98_606,7135,7135,34738
2891,ML_Graph,YaleB_10NN,2414,2414,34808
934,Lucifora,cell1,7055,7055,34855
935,Lucifora,cell2,7055,7055,34855
2680,VDOL,freeFlyingRobot_8,4398,4398,34958
1444,Oberwolfach,rail_5177,5177,5177,35185
2726,VDOL,reorientation_5,2904,2904,35590
2791,SNAP,soc-sign-bitcoin-otc,5881,5881,35592
1543,Schenk_IBMNA,c-24,4119,4119,35699
370,Bomhof,circuit_1,2624,2624,35823
531,Gset,G66,9000,9000,36000
2668,VDOL,dynamicSoaringProblem_4,3191,3191,36516
2670,VDOL,dynamicSoaringProblem_6,3431,3431,36741
2669,VDOL,dynamicSoaringProblem_5,3271,3271,36789
1866,Muite,Chebyshev3,4101,4101,36879
2728,VDOL,reorientation_7,3057,3057,37150
2727,VDOL,reorientation_6,3006,3006,37342
1206,Oberwolfach,t2dal_a,4257,4257,37465
1448,Oberwolfach,t2dal_bci,4257,4257,37465
1449,Oberwolfach,t2dal,4257,4257,37465
2671,VDOL,dynamicSoaringProblem_7,3511,3511,37680
2278,Grund,poli3,16955,16955,37849
2729,VDOL,reorientation_8,3108,3108,37894
2672,VDOL,dynamicSoaringProblem_8,3543,3543,38136
469,Gset,G1,800,800,38352
470,Gset,G10,800,800,38352
480,Gset,G2,800,800,38352
491,Gset,G3,800,800,38352
502,Gset,G4,800,800,38352
513,Gset,G5,800,800,38352
524,Gset,G6,800,800,38352
533,Gset,G7,800,800,38352
534,Gset,G8,800,800,38352
535,Gset,G9,800,800,38352
568,Hollinger,jan99jac020,6774,6774,38692
569,Hollinger,jan99jac020sc,6774,6774,38692
363,Boeing,nasa1824,1824,1824,39208
757,Nasa,nasa1824,1824,1824,39208
2733,VDOL,spaceShuttleEntry_4,2450,2450,39669
2681,VDOL,freeFlyingRobot_9,4778,4778,39964
483,Gset,G22,2000,2000,39980
484,Gset,G23,2000,2000,39980
485,Gset,G24,2000,2000,39980
486,Gset,G25,2000,2000,39980
487,Gset,G26,2000,2000,39980
488,Gset,G27,2000,2000,39980
489,Gset,G28,2000,2000,39980
490,Gset,G29,2000,2000,39980
492,Gset,G30,2000,2000,39980
493,Gset,G31,2000,2000,39980
2308,SNAP,p2p-Gnutella04,10879,10879,39994
532,Gset,G67,10000,10000,40000
2683,VDOL,freeFlyingRobot_11,5438,5438,40054
2682,VDOL,freeFlyingRobot_10,5218,5218,40080
424,FIDAP,ex27,974,974,40782
866,Pothen,barth4,6019,6019,40965
2351,Rommes,bips98_1142,9735,9735,40983
211,HB,mbeause,496,496,41063
910,vanHeukelum,cage9,3534,3534,41594
1508,Pajek,Lederberg,8843,8843,41601
312,Bai,dw4096,8192,8192,41746
1615,Bai,dw8192,8192,8192,41746
2211,JGD_Trefethen,Trefethen_2000,2000,2000,41906
2684,VDOL,freeFlyingRobot_12,5578,5578,41940
1404,MathWorks,Kaufhold,8765,8765,42471
1185,Rajat,rajat01,6833,6833,43250
2686,VDOL,freeFlyingRobot_14,5958,5958,43298
2687,VDOL,freeFlyingRobot_15,6038,6038,43378
420,FIDAP,ex23,1409,1409,43703
1548,Schenk_IBMNA,c-29,5033,5033,43731
2685,VDOL,freeFlyingRobot_13,5718,5718,43994
2688,VDOL,freeFlyingRobot_16,6078,6078,44006
918,Hohn,fd15,11532,11532,44206
2766,Mycielski,mycielskian10,767,767,44392
2352,Rommes,bips98_1450,11305,11305,44678
2697,VDOL,kineticBatchReactor_2,4361,4361,44840
2348,Rommes,nopss_11k,11685,11685,44941
1427,GHS_indef,qpband,20000,20000,45000
45,HB,bcsstk23,3134,3134,45178
547,Hollinger,g7jac020,5850,5850,45465
548,Hollinger,g7jac020sc,5850,5850,45465
1891,Marini,eurqsa,7245,7245,46142
865,Pothen,barth,6691,6691,46187
359,Boeing,msc01440,1440,1440,46270
2323,SNAP,Oregon-1,11492,11492,46818
466,Grund,meg4,5860,5860,46842
1190,Rajat,rajat06,10922,10922,46983
372,Bomhof,circuit_3,12127,12127,48137
2405,Arenas,PGPgiantcompo,10680,10680,48632
2340,Rommes,xingo_afonso_itaipu,13250,13250,48735
2343,Rommes,mimo46x46_system,13250,13250,48735
421,FIDAP,ex24,2283,2283,48737
2339,Rommes,ww_vref_6405,13251,13251,48737
2342,Rommes,mimo28x28_system,13251,13251,48737
2346,Rommes,zeros_nopss_13k,13296,13296,48827
2341,Rommes,mimo8x8_system,13309,13309,48872
1197,Rajat,rajat13,7598,7598,48922
2353,Rommes,bips07_1693,13275,13275,49044
2468,DIMACS10,delaunay_n13,8192,8192,49094
1250,GHS_indef,tuma2,12992,12992,49365
437,FIDAP,ex6,1651,1651,49533
1544,Schenk_IBMNA,c-25,3797,3797,49635
1612,Bai,cryg10000,10000,10000,49699
209,HB,mbeacxc,496,496,49920
210,HB,mbeaflw,496,496,49920
2564,CPM,cz5108,5108,5108,51412
2104,JGD_Homology,n3c6-b7,6435,6435,51480
2299,SNAP,ca-HepTh,9877,9877,51971
427,FIDAP,ex3,1821,1821,52685
2698,VDOL,kineticBatchReactor_3,5082,5082,53219
902,Shen,shermanACd,6136,6136,53329
432,FIDAP,ex36,3079,3079,53843
1243,GHS_indef,ncvxqp9,16554,16554,54040
2245,TSOPF,TSOPF_RS_b9_c6,7224,7224,54082
1551,Schenk_IBMNA,c-32,5975,5975,54471
438,FIDAP,ex7,1633,1633,54543
2314,SNAP,p2p-Gnutella25,22687,22687,54705
407,FIDAP,ex10,2410,2410,54840
1552,Schenk_IBMNA,c-33,6317,6317,56123
49,HB,bcsstk27,1224,1224,56126
77,HB,bcsstm27,1224,1224,56126
580,Hollinger,mark3jac020,9129,9129,56175
581,Hollinger,mark3jac020sc,9129,9129,56175
454,Grund,bayer03,6747,6747,56196
840,Zitney,rdist2,3198,3198,56934
2663,Moqri,MISKnowledgeMap,2427,2427,57022
2425,AG-Monien,whitaker3_dual,19190,19190,57162
408,FIDAP,ex10hs,2548,2548,57308
2424,AG-Monien,whitaker3,9800,9800,57978
465,Grund,meg1,2904,2904,58142
522,Gset,G58,5000,5000,59140
523,Gset,G59,5000,5000,59140
2415,AG-Monien,crack_dual,20141,20141,60086
2414,AG-Monien,crack,10240,10240,60760
1245,GHS_indef,sit100,10262,10262,61046
1868,Quaglino,viscoplastic1,4326,4326,61166
756,Nasa,barth5,15606,15606,61484
841,Zitney,rdist3a,2398,2398,61896
2354,Rommes,bips07_1998,15066,15066,62198
2892,ML_Graph,yeast_30NN,1484,1484,62350
1554,Schenk_IBMNA,c-35,6537,6537,62891
2850,Negre,dendrimer,730,730,63024
919,Hohn,fd18,16428,16428,63406
36,HB,bcsstk14,1806,1806,63454
453,Grund,bayer02,13935,13935,63679
1191,Rajat,rajat07,14842,14842,63913
1553,Schenk_IBMNA,c-34,6611,6611,64333
2313,SNAP,p2p-Gnutella24,26518,26518,65369
2324,SNAP,Oregon-2,11806,11806,65460
2523,DIMACS10,fe_4elt2,11143,11143,65636
1549,Schenk_IBMNA,c-30,5321,5321,65693
1555,Schenk_IBMNA,c-36,7479,7479,65941
2355,Rommes,bips07_2476,16861,16861,66498
377,Brunetiere,thermal,3456,3456,66528
412,FIDAP,ex14,3251,3251,66775
1432,Oberwolfach,flowmeter0,9669,9669,67391
1433,Oberwolfach,flowmeter5,9669,9669,67391
1212,LiuWenzhuo,powersim,15838,15838,67562
1234,GHS_indef,dtoc,24993,24993,69972
417,FIDAP,ex20,2203,2203,69981
1217,GHS_indef,aug3d,24300,24300,69984
1425,GHS_indef,bloweybq,10001,10001,69991
442,Gaertner,nopoly,10774,10774,70842
2430,AG-Monien,L-9,17983,17983,71192
2197,JGD_SPG,EX3,2600,2600,71760
2198,JGD_SPG,EX4,2600,2600,71760
414,FIDAP,ex18,5773,5773,71805
1472,Pajek,FA,10617,10617,72176
758,Nasa,nasa2146,2146,2146,72250
1214,Cannizzo,sts4098,4098,4098,72356
2279,Grund,poli4,33833,33833,73249
2347,Rommes,descriptor_xingo6u,20738,20738,73916
1242,GHS_indef,ncvxqp1,12111,12111,73963
2349,Rommes,xingo3012,20944,20944,74386
1556,Schenk_IBMNA,c-37,8204,8204,74676
2699,VDOL,kineticBatchReactor_4,7105,7105,74869
1176,HB,cegb3306,3306,3306,74916
411,FIDAP,ex13,2568,2568,75628
2356,Rommes,bips07_3078,21128,21128,75729
389,DRIVCAV,cavity10,2597,2597,76367
391,DRIVCAV,cavity12,2597,2597,76367
393,DRIVCAV,cavity14,2597,2597,76367
1215,GHS_indef,aug2d,29008,29008,76832
1557,Schenk_IBMNA,c-38,8127,8127,77689
425,FIDAP,ex28,2603,2603,77781
1550,Schenk_IBMNA,c-31,5339,5339,78571
443,Gaertner,pesa,11738,11738,79566
2880,ML_Graph,optdigits_10NN,5620,5620,79650
1175,HB,cegb3024,3024,3024,79848
1439,Oberwolfach,LFAT5000,19994,19994,79966
1216,GHS_indef,aug2dc,30200,30200,80000
410,FIDAP,ex12,3973,3973,80211
2707,VDOL,lowThrust_3,7064,7064,80645
2700,VDOL,kineticBatchReactor_5,7641,7641,80767
2887,ML_Graph,usps_norm_5NN,11000,11000,81112
1559,Schenk_IBMNA,c-40,9941,9941,81501
2701,VDOL,kineticBatchReactor_6,7773,7773,82500
570,Hollinger,jan99jac040,13694,13694,82842
571,Hollinger,jan99jac040sc,13694,13694,82842
528,Gset,G63,7000,7000,82918
529,Gset,G64,7000,7000,82918
1192,Rajat,rajat08,19362,19362,83443
35,HB,bcsstk13,2003,2003,83883
2433,AG-Monien,biplane-9,21701,21701,84076
2702,VDOL,kineticBatchReactor_7,7968,7968,84508
1563,Schenk_IBMNA,c-44,10728,10728,85000
2703,VDOL,kineticBatchReactor_8,8052,8052,85194
887,Norris,fv1,9604,9604,85264
2704,VDOL,kineticBatchReactor_9,8115,8115,86183
888,Norris,fv2,9801,9801,87025
889,Norris,fv3,9801,9801,87025
1916,TKK,t2d_q4,9801,9801,87025
1917,TKK,t2d_q9,9801,9801,87025
2520,DIMACS10,cs4,22499,22499,87716
1249,GHS_indef,tuma1,22967,22967,87760
2315,SNAP,p2p-Gnutella30,36682,36682,88328
444,Garon,garon1,3175,3175,88927
2413,AG-Monien,big_dual,30269,30269,89858
224,HB,orani678,2529,2529,90158
441,Gaertner,big,13209,13209,91465
2693,VDOL,hangGlider_3,10260,10260,92703
2432,AG-Monien,stufe-10,24010,24010,92828
1380,Andrianov,fxm3_6,5026,5026,94026
423,FIDAP,ex26,2163,2163,94033
839,Zitney,rdist1,4134,4134,94408
461,Grund,bayer10,13436,13436,94926
288,Averous,epb1,14734,14734,95053
2393,Newman,cond-mat,16726,16726,95188
1303,GHS_indef,linverse,11999,11999,95977
2521,DIMACS10,cti,16840,16840,96464
2390,Newman,as-22july06,22963,22963,96872
864,Langemyr,comsol,1500,1500,97645
360,Boeing,msc04515,4515,4515,97707
2469,DIMACS10,delaunay_n14,16384,16384,98244
2440,AG-Monien,se,32768,32768,98300
2527,DIMACS10,fe_sphere,16386,16386,98304
1183,IBM_Austin,coupled,11341,11341,98523
413,FIDAP,ex15,6867,6867,98671
440,FIDAP,ex9,3363,3363,99471
1376,Rajat,rajat27,20640,20640,99777
1437,Oberwolfach,LF10000,19998,19998,99982
1441,Oberwolfach,piston,2025,2025,100015
1262,GHS_psdef,ford1,18728,18728,101576
1560,Schenk_IBMNA,c-41,9769,9769,101745
2565,CPM,cz10228,10228,10228,102876
763,Nasa,shuttle_eddy,10429,10429,103599
881,Pothen,shuttle_eddy,10429,10429,103599
365,Boeing,nasa4704,4704,4704,104756
760,Nasa,nasa4704,4704,4704,104756
353,Boeing,crystm01,4875,4875,105339
1193,Rajat,rajat09,24482,24482,105573
439,FIDAP,ex8,3096,3096,106344
867,Pothen,barth5,15606,15606,107362
2643,DIMACS10,vsp_p0291_seymourl_iiasa,10498,10498,107736
1561,Schenk_IBMNA,c-42,10471,10471,110285
2638,DIMACS10,vsp_data_and_seymourl,9167,9167,111732
2569,Bodendiek,CurlCurl_0,11083,11083,113343
582,Hollinger,mark3jac040,18289,18289,113435
583,Hollinger,mark3jac040sc,18289,18289,113435
549,Hollinger,g7jac040,11790,11790,114671
550,Hollinger,g7jac040sc,11790,11790,114671
428,FIDAP,ex31,3909,3909,115357
2589,DIMACS10,de2010,24115,24115,116056
37,HB,bcsstk15,3948,3948,117816
1591,QCD,conf5_0-4x4-10,3072,3072,119808
1592,QCD,conf5_0-4x4-14,3072,3072,119808
1593,QCD,conf5_0-4x4-18,3072,3072,119808
1594,QCD,conf5_0-4x4-22,3072,3072,119808
1595,QCD,conf5_0-4x4-26,3072,3072,119808
1596,QCD,conf6_0-4x4-20,3072,3072,119808
1597,QCD,conf6_0-4x4-30,3072,3072,119808
1424,GHS_indef,bloweybl,30003,30003,120000
1473,Pajek,foldoc,13356,13356,120238
868,Pothen,bodyy4,17546,17546,121938
1426,GHS_indef,cvxqp3,17500,17500,122462
1562,Schenk_IBMNA,c-43,11125,11125,123675
2592,DIMACS10,hi2010,25016,25016,124126
2636,DIMACS10,vsp_c-30_data_data,11023,11023,124368
2871,ML_Graph,indianpines_10NN,9144,9144,124656
791,Okunbor,aft01,8205,8205,125567
2620,DIMACS10,ri2010,25181,25181,125750
543,Hamm,memplus,17758,17758,126150
572,Hollinger,jan99jac060,20614,20614,127182
573,Hollinger,jan99jac060sc,20614,20614,127182
792,Okunbor,aft02,8184,8184,127762
1218,GHS_indef,aug3dcqp,35543,35543,128115
869,Pothen,bodyy5,18589,18589,129281
1194,Rajat,rajat10,30202,30202,130303
1565,Schenk_IBMNA,c-46,14913,14913,130397
2873,ML_Graph,JapaneseVowelsSmall_10NN,9961,9961,131144
2767,Mycielski,mycielskian11,1535,1535,134710
870,Pothen,bodyy6,19366,19366,134748
1558,Schenk_IBMNA,c-39,9271,9271,136811
2828,TAMU_SmartGridCenter,ACTIVSg10K,20000,20000,137736
819,Simon,raefsky6,3402,3402,137845
395,DRIVCAV,cavity16,4562,4562,138187
397,DRIVCAV,cavity18,4562,4562,138187
399,DRIVCAV,cavity20,4562,4562,138187
401,DRIVCAV,cavity22,4562,4562,138187
403,DRIVCAV,cavity24,4562,4562,138187
405,DRIVCAV,cavity26,4562,4562,138187
1443,Oberwolfach,rail_20209,20209,20209,139233
2437,AG-Monien,cca,49152,49152,139264
1247,GHS_indef,stokes64,12546,12546,140034
1248,GHS_indef,stokes64s,12546,12546,140034
378,Cote,mplate,5962,5962,142190
2434,AG-Monien,shock-9,36476,36476,142580
2344,Rommes,juba40k,40337,40337,144945
2345,Rommes,bauru5727,40366,40366,145019
2878,ML_Graph,mnist_test_norm_10NN,10000,10000,145600
2438,AG-Monien,ccc,49152,49152,147456
2316,SNAP,p2p-Gnutella31,62586,62586,147892
2214,QY,case9,14454,14454,147972
2231,TSOPF,TSOPF_FS_b9_c6,14454,14454,147972
40,HB,bcsstk18,11948,11948,149090
2694,VDOL,hangGlider_4,15561,15561,149532
1272,GHS_psdef,pds10,16558,16558,149658
1295,GHS_indef,bloweya,30004,30004,150009
911,vanHeukelum,cage10,11397,11397,150645
2533,DIMACS10,wing_nodal,10937,10937,150976
2870,ML_Graph,har_10NN,10299,10299,151736
2695,VDOL,hangGlider_5,16011,16011,155246
2627,DIMACS10,vt2010,32580,32580,155598
2875,ML_Graph,kmnist_norm_10NN,10000,10000,156932
1568,Schenk_IBMNA,c-49,21132,21132,157042
551,Hollinger,g7jac050sc,14760,14760,157990
2537,IPSO,OPF_3754,15435,15435,158273
2868,ML_Graph,Fashion_MNIST_norm_10NN,10000,10000,158304
455,Grund,bayer04,20545,20545,159082
46,HB,bcsstk24,3562,3562,159910
1874,HVDC,hvdc1,24842,24842,159981
1180,HB,lock3491,3491,3491,160444
2708,VDOL,lowThrust_4,13562,13562,160947
1567,Schenk_IBMNA,c-48,18354,18354,166080
834,Zhao,Zhao1,33861,33861,166453
835,Zhao,Zhao2,33861,33861,166453
818,Simon,raefsky5,6316,6316,168658
1331,MathWorks,Muu,7102,7102,170134
584,Hollinger,mark3jac060,27449,27449,170695
585,Hollinger,mark3jac060sc,27449,27449,170695
574,Hollinger,jan99jac080,27534,27534,171522
575,Hollinger,jan99jac080sc,27534,27534,171522
1365,PARSEC,SiH4,5041,5041,171903
364,Boeing,nasa2910,2910,2910,174296
759,Nasa,nasa2910,2910,2910,174296
1564,Schenk_IBMNA,c-45,13206,13206,174452
289,Averous,epb2,25228,25228,175027
1204,Oberwolfach,t2dah_a,11445,11445,176117
1205,Oberwolfach,t2dah_e,11445,11445,176117
1447,Oberwolfach,t2dah,11445,11445,176117
832,Wang,wang3,26064,26064,177168
833,Wang,wang4,26068,26068,177196
2530,DIMACS10,t60k,60005,60005,178880
1298,GHS_indef,brainpc2,27607,27607,179395
2296,SNAP,ca-CondMat,23133,23133,186936
2797,SNAP,wiki-RfA,11380,11380,188077
1862,Szczerba,Ill_Stokes,20896,20896,191368
1111,Sandia,mult_dcop_03,25187,25187,193216
1109,Sandia,mult_dcop_01,25187,25187,193276
1110,Sandia,mult_dcop_02,25187,25187,193276
1569,Schenk_IBMNA,c-50,22401,22401,193625
1941,JGD_CAG,CAG_mat1916,1916,1916,195985
2634,DIMACS10,vsp_befref_fxm_2_4_air02,14109,14109,196448
2470,DIMACS10,delaunay_n15,32768,32768,196548
2435,AG-Monien,bfly,49152,49152,196608
1371,Rajat,rajat22,39899,39899,197264
2709,VDOL,lowThrust_5,16262,16262,198369
1366,PARSEC,SiNa,5743,5743,198787
1312,GHS_psdef,jnlbrng1,40000,40000,199200
1854,Watson,chem_master1,40401,40401,201201
1571,Schenk_IBMNA,c-52,23948,23948,202716
1570,Schenk_IBMNA,c-51,23196,23196,203050
552,Hollinger,g7jac060,17730,17730,203316
553,Hollinger,g7jac060sc,17730,17730,203316
2632,DIMACS10,vsp_barth5_1Ksep_50in_5Kout,32212,32212,203610
1313,GHS_psdef,minsurfo,40806,40806,203622
2232,TSOPF,TSOPF_RS_b162_c1,5374,5374,205399
2566,CPM,cz20468,20468,20468,206076
1240,GHS_indef,mario001,38434,38434,206156
2710,VDOL,lowThrust_6,16928,16928,207349
1611,Cylshell,s3rmt3m3,5357,5357,207695
1907,TKK,g3rmt3m3,5357,5357,207695
1255,GHS_psdef,copter1,17222,17222,211064
1566,Schenk_IBMNA,c-47,15343,15343,211401
2711,VDOL,lowThrust_7,17378,17378,211561
576,Hollinger,jan99jac100,34454,34454,215862
577,Hollinger,jan99jac100sc,34454,34454,215862
2712,VDOL,lowThrust_8,17702,17702,216445
2582,DIMACS10,ak2010,45292,45292,217098
2269,Puri,ABACUS_shell_ud,23412,23412,218484
2270,Puri,ABACUS_shell_ld,23412,23412,218484
2271,Puri,ABACUS_shell_md,23412,23412,218484
2272,Puri,ABACUS_shell_hd,23412,23412,218484
50,HB,bcsstk28,4410,4410,219024
1608,Cylshell,s1rmt3m1,5489,5489,219521
1609,Cylshell,s2rmt3m1,5489,5489,219521
1610,Cylshell,s3rmt3m1,5489,5489,219521
2713,VDOL,lowThrust_9,18044,18044,219589
2714,VDOL,lowThrust_10,18260,18260,222005
2715,VDOL,lowThrust_11,18368,18368,223801
2716,VDOL,lowThrust_12,18458,18458,224593
2717,VDOL,lowThrust_13,18476,18476,224897
1182,HB,man_5976,5976,5976,225046
284,ATandT,onetone2,36057,36057,227628
586,Hollinger,mark3jac080,36609,36609,227955
587,Hollinger,mark3jac080sc,36609,36609,227955
431,FIDAP,ex35,19716,19716,228208
1309,GHS_indef,spmsrtls,29995,29995,229947
2814,Grueninger,windtunnel_evap2d,8256,8256,233468
969,Schenk_ISEI,igbt3,10938,10938,234006
2611,DIMACS10,nh2010,48837,48837,234550
2298,SNAP,ca-HepPh,12008,12008,237010
808,Rothberg,struct4,4350,4350,237798
2829,TAMU_SmartGridCenter,ACTIVSg70K,69999,69999,238627
2515,DIMACS10,luxembourg_osm,114599,114599,239332
2793,SNAP,sx-mathoverflow,24818,24818,239978
2394,Newman,cond-mat-2003,31163,31163,240058
2889,ML_Graph,worms20_10NN,20055,20055,240826
2391,Newman,astro-ph,16706,16706,242502
1348,PARSEC,benzene,8219,8219,242669
2532,DIMACS10,wing,62032,62032,243088
1375,Rajat,rajat26,51032,51032,249302
47,HB,bcsstk25,15439,15439,252241
2242,TSOPF,TSOPF_RS_b39_c7,14098,14098,252446
1847,UTEP,Dubcova1,16129,16129,253009
886,Pothen,tandem_vtx,18454,18454,253350
1293,GHS_indef,a5esindl,60008,60008,255004
415,FIDAP,ex19,12005,12005,259879
578,Hollinger,jan99jac120,41374,41374,260202
579,Hollinger,jan99jac120sc,41374,41374,260202
1173,HB,cegb2802,2802,2802,277362
452,Grund,bayer01,57735,57735,277774
1605,Cylshell,s1rmq4m1,5489,5489,281111
1606,Cylshell,s2rmq4m1,5489,5489,281111
1607,Cylshell,s3rmq4m1,5489,5489,281111
1428,Oberwolfach,chipcool0,20082,20082,281150
1429,Oberwolfach,chipcool1,20082,20082,281150
2644,DIMACS10,vsp_sctap1-2b_and_seymourl,40174,40174,281662
588,Hollinger,mark3jac100,45769,45769,285215
589,Hollinger,mark3jac100sc,45769,45769,285215
1908,TKK,t520,5563,5563,286341
38,HB,bcsstk16,4884,4884,290378
554,Hollinger,g7jac080,23670,23670,293976
555,Hollinger,g7jac080sc,23670,23670,293976
814,Simon,raefsky1,3242,3242,294276
815,Simon,raefsky2,3242,3242,294276
920,Hohn,sinc12,7500,7500,294986
2199,JGD_SPG,EX5,6545,6545,295680
2200,JGD_SPG,EX6,6545,6545,295680
1517,Pajek,Reuters911,13332,13332,296076
1261,GHS_psdef,finance256,37376,37376,298496
1576,Schenk_IBMNA,c-60,43640,43640,298578
1302,GHS_indef,dixmaanl,60000,60000,299998
2538,IPSO,OPF_6000,29902,29902,302418
933,FEMLAB,waveguide3D,21036,21036,303468
1358,PARSEC,Na5,5832,5832,305630
373,Bomhof,circuit_4,80209,80209,307604
1577,Schenk_IBMNA,c-61,43618,43618,310016
350,Boeing,crystk01,4875,4875,315891
2499,DIMACS10,rgg_n_2_15_s0,32768,32768,320480
346,Boeing,bcsstm36,23052,23052,320606
1174,HB,cegb2919,2919,2919,321543
354,Boeing,crystm02,13965,13965,322905
2332,Gleich,usroads-48,126146,126146,323900
446,Goodwin,goodwin,7320,7320,324784
1461,Pajek,EAT_RS,23219,23219,325592
762,Nasa,pwt,36519,36519,326107
880,Pothen,pwt,36519,36519,326107
1273,GHS_psdef,pwt,36519,36519,326107
2524,DIMACS10,fe_body,45087,45087,327468
2261,MaxPlanck,shallow_water1,81920,81920,327680
2262,MaxPlanck,shallow_water2,81920,81920,327680
1384,Andrianov,lpl1,32460,32460,328036
809,Shyy,shyy161,76480,76480,329762
2555,Chevron,Chevron1,37365,37365,330633
2333,Gleich,usroads,129164,129164,330870
2602,DIMACS10,me2010,69518,69518,335476
448,Graham,graham1,9035,9035,335504
2588,DIMACS10,ct2010,67578,67578,336352
1330,MathWorks,Kuu,7102,7102,340200
1203,Oberwolfach,gyro_m,17361,17361,340431
283,ATandT,onetone1,36057,36057,341088
1502,Pajek,HEP-th,27240,27240,342437
590,Hollinger,mark3jac120,54929,54929,342475
591,Hollinger,mark3jac120sc,54929,54929,342475
379,Cote,vibrobox,12328,12328,342828
1292,GHS_indef,a2nnsnsl,80016,80016,347222
1304,GHS_indef,ncvxbqp1,50000,50000,349968
1310,GHS_psdef,cvxbqp1,50000,50000,349968
2395,Newman,cond-mat-2005,40421,40421,351386
927,FEMLAB,poisson3Da,13514,13514,352762
1503,Pajek,HEP-th-new,27770,27770,352807
2293,SNAP,cit-HepTh,27770,27770,352807
1291,GHS_indef,a0nsdsil,80016,80016,355034
343,Boeing,bcsstk38,8032,8032,355460
1578,Schenk_IBMNA,c-65,48066,48066,360528
1877,Rost,RFdevice,74104,74104,365580
2290,SNAP,email-Enron,36692,36692,367662
1572,Schenk_IBMNA,c-53,30235,30235,372213
541,Hamm,bcircuit,68902,68902,375558
842,Cunningham,k3plates,11107,11107,378927
2645,DIMACS10,vsp_south31_slptsk,39668,39668,379828
2641,DIMACS10,vsp_model1_crew1_cr42_south31,45101,45101,379952
983,Sanghavi,ecl32,51993,51993,380415
1574,Schenk_IBMNA,c-56,35910,35910,380900
1869,Quaglino,viscoplastic2,32769,32769,381326
556,Hollinger,g7jac100,29610,29610,384636
557,Hollinger,g7jac100sc,29610,29610,384636
970,Schenk_ISEI,nmos3,18588,18588,386594
445,Garon,garon2,13535,13535,390607
1573,Schenk_IBMNA,c-54,31793,31793,391693
2471,DIMACS10,delaunay_n16,65536,65536,393150
766,Nemeth,nemeth02,9506,9506,394808
767,Nemeth,nemeth03,9506,9506,394808
768,Nemeth,nemeth04,9506,9506,394808
769,Nemeth,nemeth05,9506,9506,394808
770,Nemeth,nemeth06,9506,9506,394808
771,Nemeth,nemeth07,9506,9506,394812
772,Nemeth,nemeth08,9506,9506,394816
773,Nemeth,nemeth09,9506,9506,395506
2295,SNAP,ca-AstroPh,18772,18772,396160
592,Hollinger,mark3jac140,64089,64089,399735
593,Hollinger,mark3jac140sc,64089,64089,399735
1389,Andrianov,net25,9520,9520,401200
774,Nemeth,nemeth10,9506,9506,401448
1220,GHS_indef,c-55,32780,32780,403450
1575,Schenk_IBMNA,c-57,37833,37833,405197
1873,Dehghani,light_in_tissue,29282,29282,406084
2768,Mycielski,mycielskian12,3071,3071,407200
775,Nemeth,nemeth11,9506,9506,408264
2622,DIMACS10,sd2010,88360,88360,410722
2567,CPM,cz40948,40948,40948,412148
2614,DIMACS10,nv2010,84538,84538,416998
879,Pothen,onera_dual,85567,85567,419201
2289,SNAP,email-EuAll,265214,265214,420045
2292,SNAP,cit-HepPh,34546,34546,421578
1405,Bindel,ted_A,10605,10605,424587
1408,Bindel,ted_A_unscaled,10605,10605,424587
1306,GHS_indef,ncvxqp5,62500,62500,424966
2631,DIMACS10,wy2010,86204,86204,427586
2787,SNAP,loc-Brightkite,58228,58228,428156
1237,GHS_indef,helm3d01,32226,32226,428444
1851,Botonakis,FEM_3D_thermal1,17880,17880,430740
2335,Fluorem,GT01R,7980,7980,430909
1224,GHS_indef,c-63,44234,44234,434704
1300,GHS_indef,cont-201,80595,80595,438795
2811,Guettel,TEM27623,27623,27623,439469
954,Schenk_IBMSDS,2D_27628_bjtcai,27628,27628,442898
1316,Rajat,rajat15,37261,37261,443573
776,Nemeth,nemeth12,9506,9506,446818
435,FIDAP,ex40,7740,7740,458012
885,Pothen,tandem_dual,94069,94069,460493
326,Bai,qc2534,2534,2534,463360
290,Averous,epb3,84617,84617,463625
2536,IPSO,OPF_10000,43887,43887,467711
1288,GHS_psdef,wathen100,30401,30401,471601
777,Nemeth,nemeth13,9506,9506,474472
558,Hollinger,g7jac120,35550,35550,475296
559,Hollinger,g7jac120sc,35550,35550,475296
1222,GHS_indef,c-59,41282,41282,480536
2637,DIMACS10,vsp_c-60_data_cti_cs4,85830,85830,482160
291,Bai,af23560,23560,23560,484256
1345,Rajat,rajat18,94294,94294,485143
894,Norris,lung2,109460,109460,492564
778,Nemeth,nemeth14,9506,9506,496144
1381,Andrianov,fxm4_6,18892,18892,497844
951,Schenk_IBMNA,c-66,49989,49989,499007
1588,Schenk_IBMNA,c-66b,49989,49989,499007
1305,GHS_indef,ncvxqp3,75000,75000,499964
2284,SNAP,soc-Epinions1,75888,75888,508837
1210,Oberwolfach,t3dl_a,20360,20360,509866
1451,Oberwolfach,t3dl,20360,20360,509866
1311,GHS_psdef,gridgena,48962,48962,512084
542,Hamm,hcircuit,105676,105676,513072
2326,SNAP,soc-sign-Slashdot081106,77357,77357,516575
1407,Bindel,ted_AB,10605,10605,522387
1410,Bindel,ted_AB_unscaled,10605,10605,522387
952,Schenk_IBMNA,c-67,57975,57975,531935
1589,Schenk_IBMNA,c-67b,57975,57975,531935
779,Nemeth,nemeth15,9506,9506,539802
236,HB,psmigr_2,3140,3140,540022
1422,GHS_psdef,apache1,80800,80800,542184
235,HB,psmigr_1,3140,3140,543162
237,HB,psmigr_3,3140,3140,543162
1263,GHS_psdef,ford2,100196,100196,544688
2327,SNAP,soc-sign-Slashdot090216,81871,81871,545671
2328,SNAP,soc-sign-Slashdot090221,82144,82144,549202
1221,GHS_indef,c-58,37595,37595,552557
899,Shen,e40r0100,17281,17281,553562
1445,Oberwolfach,rail_79841,79841,79841,553921
2212,JGD_Trefethen,Trefethen_20000b,19999,19999,554435
2213,JGD_Trefethen,Trefethen_20000,20000,20000,554466
1372,Rajat,rajat23,110355,110355,556938
1246,GHS_indef,stokes128,49666,49666,558594
949,Schenk_IBMNA,c-62,41731,41731,559343
1223,GHS_indef,c-62ghs,41731,41731,559343
912,vanHeukelum,cage11,39082,39082,559722
1238,GHS_indef,k1_san,67759,67759,559774
1289,GHS_psdef,wathen120,36441,36441,565761
560,Hollinger,g7jac140,41490,41490,565956
561,Hollinger,g7jac140sc,41490,41490,565956
1225,GHS_indef,c-68,64810,64810,566006
921,Hohn,sinc15,11532,11532,568526
2625,DIMACS10,ut2010,115406,115406,572066
1307,GHS_indef,ncvxqp7,87500,87500,574962
355,Boeing,crystm03,24696,24696,583770
780,Nemeth,nemeth16,9506,9506,587012
55,HB,bcsstk33,8738,8738,591904
2657,LeGresley,LeGresley_87936,87936,87936,593276
2792,SNAP,sx-askubuntu,159316,159316,596933
752,Mulvey,finan512,74752,74752,596992
753,Mulvey,pfinan512,74752,74752,596992
956,Schenk_IBMSDS,3D_28984_Tetra,28984,28984,599170
2635,DIMACS10,vsp_bump2_e18_aa01_model1_crew1,56438,56438,601602
1369,Rajat,rajat20,86916,86916,605045
1374,Rajat,rajat25,87190,87190,607235
1377,Rajat,rajat28,87190,87190,607235
2221,TSOPF,TSOPF_FS_b162_c1,10798,10798,608540
2233,TSOPF,TSOPF_RS_b162_c3,15374,15374,610299
2874,ML_Graph,k49_norm_10NN,38547,38547,618158
51,HB,bcsstk29,13992,13992,619488
1226,GHS_indef,c-69,67458,67458,623970
2609,DIMACS10,nd2010,133769,133769,625946
781,Nemeth,nemeth17,9506,9506,629620
2607,DIMACS10,mt2010,132288,132288,638668
1294,GHS_indef,blockqp1,60012,60012,640033
1343,Rajat,rajat16,94294,94294,641159
1344,Rajat,rajat17,94294,94294,641159
562,Hollinger,g7jac160,47430,47430,656616
563,Hollinger,g7jac160sc,47430,47430,656616
1227,GHS_indef,c-70,68924,68924,658986
2630,DIMACS10,wv2010,135218,135218,662922
1912,TKK,cbuckle,13681,13681,676515
1379,Andrianov,ex3sta1,16782,16782,678998
891,Norris,heart2,2339,2339,682797
892,Norris,heart3,2339,2339,682797
2240,TSOPF,TSOPF_RS_b39_c19,38098,38098,684206
2500,DIMACS10,rgg_n_2_16_s0,65536,65536,684254
782,Nemeth,nemeth18,9506,9506,695234
2601,DIMACS10,md2010,145247,145247,700378
1229,GHS_indef,c-72,84064,84064,707558
2257,Botonakis,thermomech_TC,102158,102158,711558
2258,Botonakis,thermomech_TK,102158,102158,711558
1913,TKK,cyl6,13681,13681,714241
1184,ACUSIM,Pres_Poisson,14822,14822,715804
950,Schenk_IBMNA,c-64,51035,51035,717841
1587,Schenk_IBMNA,c-64b,51035,51035,717841
765,Nemeth,nemeth01,9506,9506,725054
1394,Andrianov,pf2177,9728,9728,725144
1412,AMD,G2_circuit,150102,150102,726674
2594,DIMACS10,id2010,149842,149842,728264
2229,TSOPF,TSOPF_FS_b39_c7,28216,28216,730080
2426,AG-Monien,brack2,62631,62631,733118
1363,PARSEC,Si5H12,19896,19896,738598
1244,GHS_indef,olesnik0,88263,88263,744216
564,Hollinger,g7jac180,53370,53370,747276
565,Hollinger,g7jac180sc,53370,53370,747276
1230,GHS_indef,copter2,55476,55476,759952
1256,GHS_psdef,copter2,55476,55476,759952
924,Andrews,Andrews,60000,60000,760154
1855,Watson,Baumann,112211,112211,760631
1347,Lourakis,bundle1,10581,10581,770901
2600,DIMACS10,ma2010,157508,157508,776610
2640,DIMACS10,vsp_mod2_pgp2_slptsk,101364,101364,778736
2472,DIMACS10,delaunay_n17,131072,131072,786352
2598,DIMACS10,ky2010,161672,161672,787778
2056,JGD_Homology,m133-b3,200200,200200,800800
2135,JGD_Homology,shar_te2-b3,200200,200200,800800
2556,Chevron,Chevron2,90249,90249,803173
848,Chen,pkustk02,10800,10800,810000
2234,TSOPF,TSOPF_RS_b162_c4,20374,20374,812749
783,Nemeth,nemeth19,9506,9506,818302
2525,DIMACS10,fe_ocean,143437,143437,819186
2540,IPSO,TSC_OPF_300,9774,9774,820804
2612,DIMACS10,nj2010,169588,169588,829912
2613,DIMACS10,nm2010,168609,168609,830970
566,Hollinger,g7jac200,59310,59310,837936
567,Hollinger,g7jac200sc,59310,59310,837936
2606,DIMACS10,ms2010,171778,171778,839980
2325,SNAP,soc-sign-epinions,131828,131828,841372
2034,JGD_Homology,ch7-8-b5,141120,141120,846720
1395,MKS,fp,7548,7548,848553
1228,GHS_indef,c-71,76638,76638,859554
2646,DIMACS10,vsp_vibrobox_scagr7-2c_rlfddd,77328,77328,871172
930,FEMLAB,sme3Da,12504,12504,874887
1359,PARSEC,Si10H16,17077,17077,875923
2535,IPSO,HTC_336_9129,226340,226340,883422
2621,DIMACS10,sc2010,181908,181908,893160
1914,TKK,tube1,21498,21498,897056
1915,TKK,tube2,21498,21498,897056
2584,DIMACS10,ar2010,186211,186211,904310
2534,IPSO,HTC_336_4438,226340,226340,904522
2528,DIMACS10,fe_tooth,78136,78136,905182
2286,SNAP,soc-Slashdot0811,77360,77360,905468
2610,DIMACS10,ne2010,193352,193352,913854
2795,SNAP,sx-superuser,194085,194085,924886
1510,Barabasi,NotreDame_www,325729,325729,929849
862,Kim,kim1,38415,38415,933195
1391,Andrianov,net50,16320,16320,945200
2628,DIMACS10,wa2010,195574,195574,947432
2287,SNAP,soc-Slashdot0902,82168,82168,948464
1415,Sandia,ASIC_100k,99340,99340,954163
544,Hamm,scircuit,170998,170998,958936
1259,DNVS,crplat2,18010,18010,960946
351,Boeing,crystk02,13965,13965,968583
366,Boeing,pcrystk02,13965,13965,968583
784,Nemeth,nemeth20,9506,9506,971870
922,Hohn,sinc18,16428,16428,973826
2587,DIMACS10,co2010,201062,201062,974574
847,Chen,pkustk01,22044,22044,979380
2618,DIMACS10,or2010,196621,196621,979512
2599,DIMACS10,la2010,204447,204447,980634
1301,GHS_indef,cont-300,180895,180895,988195
955,Schenk_IBMSDS,2D_54019_highK,54019,54019,996414
2575,DIMACS10,preferentialAttachment,100000,100000,999970
2576,DIMACS10,smallworld,100000,100000,999996
2574,DIMACS10,G_n_pin_pout,100000,100000,1002396
1233,GHS_indef,dawson5,51537,51537,1010777
447,Goodwin,rim,22560,22560,1014951
813,Simon,olafu,16146,16146,1015156
1202,Oberwolfach,gyro_k,17361,17361,1021159
1435,Oberwolfach,gyro,17361,17361,1021159
2593,DIMACS10,ia2010,216007,216007,1021170
1848,UTEP,Dubcova2,65025,65025,1030225
897,Norris,torso2,115967,115967,1033473
2136,QY,case39,40216,40216,1042160
957,Schenk_IBMSDS,3D_51448_3D,51448,51448,1056610
958,Schenk_IBMSDS,ibm_matrix_2,51448,51448,1056610
2241,TSOPF,TSOPF_RS_b39_c30,60098,60098,1079986
409,FIDAP,ex11,16614,16614,1096948
2639,DIMACS10,vsp_finan512_scagr7-2c_rlfddd,139752,139752,1104040
2597,DIMACS10,ks2010,238600,238600,1121798
342,Boeing,bcsstk37,25503,25503,1140977
341,Boeing,bcsstk36,23052,23052,1143140
362,Boeing,msc23052,23052,23052,1154814
1892,Castrillon,denormal,89400,89400,1156224
1879,Mancktelow,viscorocks,37762,37762,1162244
807,Rothberg,struct3,53570,53570,1173694
785,Nemeth,nemeth21,9506,9506,1173746
801,Ronis,xenon1,48600,48600,1181120
53,HB,bcsstk31,35588,35588,1181416
2623,DIMACS10,tn2010,240116,240116,1193966
2585,DIMACS10,az2010,241666,241666,1196094
2654,Sorensen,Linux_call_graph,324085,324085,1208908
2629,DIMACS10,wi2010,253096,253096,1209404
1296,GHS_indef,boyd1,93279,93279,1211231
2456,DIMACS10,caidaRouterLevel,192244,192244,1218132
286,ATandT,twotone,120750,120750,1224224
2604,DIMACS10,mn2010,259777,259777,1227102
2769,Mycielski,mycielskian13,6143,6143,1227742
361,Boeing,msc10848,10848,10848,1229778
2583,DIMACS10,al2010,252266,252266,1230482
2304,SNAP,amazon0302,262111,262111,1234877
1334,VanVelzen,std1_Jac2,21982,21982,1248731
2376,Williams,mac_econ_fwd500,206500,206500,1273389
2617,DIMACS10,ok2010,269118,269118,1274148
953,Schenk_IBMNA,c-73,169422,169422,1279274
1590,Schenk_IBMNA,c-73b,169422,169422,1279274
2596,DIMACS10,in2010,267071,267071,1281716
1863,Rajat,Raj1,263743,263743,1302464
1368,PARSEC,SiO,33401,33401,1317655
2526,DIMACS10,fe_rotor,99617,99617,1324862
817,Simon,raefsky4,19779,19779,1328611
1875,HVDC,hvdc2,189860,189860,1347273
732,Li,li,22695,22695,1350309
733,Li,pli,22695,22695,1350309
786,Nemeth,nemeth22,9506,9506,1358832
890,Norris,heart1,3557,3557,1387773
2626,DIMACS10,va2010,285762,285762,1402128
2608,DIMACS10,nc2010,288987,288987,1416620
2591,DIMACS10,ga2010,291086,291086,1418056
2259,Botonakis,thermomech_dM,204316,204316,1423116
1900,CEMW,vfem,93476,93476,1434636
340,Boeing,bcsstk35,30237,30237,1450163
1336,VanVelzen,std1_Jac3,21982,21982,1455848
2501,DIMACS10,rgg_n_2_17_s0,131072,131072,1457506
2237,TSOPF,TSOPF_RS_b300_c1,14538,14538,1474325
1452,Oberwolfach,windscreen,22692,22692,1482390
2518,DIMACS10,598a,110971,110971,1483868
816,Simon,raefsky3,21200,21200,1488768
1392,Andrianov,net75,23120,23120,1489200
2302,SNAP,web-NotreDame,325729,325729,1497134
2837,VLSI,mosfet2,46994,46994,1499460
1297,GHS_indef,boyd2,466316,466316,1500397
788,Nemeth,nemeth24,9506,9506,1506550
787,Nemeth,nemeth23,9506,9506,1506810
789,Nemeth,nemeth25,9506,9506,1511758
790,Nemeth,nemeth26,9506,9506,1511760
1308,GHS_indef,sparsine,50000,50000,1548988
2473,DIMACS10,delaunay_n18,262144,262144,1572792
2603,DIMACS10,mi2010,329885,329885,1578090
855,Chen,pkustk09,33960,33960,1583640
2448,LAW,dblp-2010,326186,326186,1615400
2461,DIMACS10,coAuthorsCiteseer,227320,227320,1628268
1231,GHS_indef,d_pretok,182730,182730,1641672
1338,VanVelzen,Zd_Jac2,22835,22835,1642833
1383,Andrianov,lp1,534388,534388,1643420
1919,Um,2cubes_sphere,101492,101492,1647264
2605,DIMACS10,mo2010,343565,343565,1656568
844,Cunningham,qa8fk,66127,66127,1660579
845,Cunningham,qa8fm,66127,66127,1660579
925,FEMLAB,ns3Da,20414,20414,1679599
827,Vavasis,av41092,41092,41092,1683902
1251,GHS_indef,turon_m,189924,189924,1690876
1434,Oberwolfach,gas_sensor,66917,66917,1703365
2615,DIMACS10,ny2010,350169,350169,1709544
1342,VanVelzen,Zd_Jac6,22835,22835,1711983
820,Simon,venkat01,62424,62424,1717792
821,Simon,venkat25,62424,62424,1717792
822,Simon,venkat50,62424,62424,1717792
1878,Lee,fem_filter,74062,74062,1731206
1858,QLi,crashbasis,160000,160000,1750416
1859,QLi,majorbasis,160000,160000,1750416
352,Boeing,crystk03,24696,24696,1751178
367,Boeing,pcrystk03,24696,24696,1751178
1213,Lin,Lin,256000,256000,1766400
2616,DIMACS10,oh2010,365344,365344,1768240
812,Simon,bbmat,38744,38744,1771722
1642,POLYFLOW,invextr1_new,30412,30412,1793881
2222,TSOPF,TSOPF_FS_b162_c3,30798,30798,1801300
804,Rothberg,cfd1,70656,70656,1828364
2778,SNAP,com-Amazon,334863,334863,1851744
811,Simon,appu,14000,14000,1853104
2836,VLSI,imagesensor,118758,118758,1893170
1370,Rajat,rajat21,411676,411676,1893370
2788,SNAP,loc-Gowalla,196591,196591,1900654
1340,VanVelzen,Zd_Jac3,22835,22835,1916152
1598,QCD,conf5_4-8x8-05,49152,49152,1916928
1599,QCD,conf5_4-8x8-10,49152,49152,1916928
1600,QCD,conf5_4-8x8-15,49152,49152,1916928
1601,QCD,conf5_4-8x8-20,49152,49152,1916928
1602,QCD,conf6_0-8x8-20,49152,49152,1916928
1603,QCD,conf6_0-8x8-30,49152,49152,1916928
1604,QCD,conf6_0-8x8-80,49152,49152,1916928
1271,GHS_psdef,opt1,15449,15449,1930655
1284,DNVS,trdheim,22098,22098,1935324
1373,Rajat,rajat24,358172,358172,1948235
2462,DIMACS10,coAuthorsDBLP,299067,299067,1955352
2227,TSOPF,TSOPF_FS_b39_c19,76216,76216,1977600
1643,POLYFLOW,mixtank_new,29957,29957,1995041
2851,Precima,analytics,303813,303813,2006126
54,HB,bcsstk32,44609,44609,2014701
2539,IPSO,TSC_OPF_1047,8140,8140,2016902
913,vanHeukelum,cage12,130228,130228,2032536
1386,Andrianov,net100,29920,29920,2033200
1880,Rudnyi,water_tank,60740,60740,2035281
52,HB,bcsstk30,28924,28924,2043492
2619,DIMACS10,pa2010,421545,421545,2058462
931,FEMLAB,sme3Db,29067,29067,2081063
846,Boeing,bcsstk39,46772,46772,2089294
2779,SNAP,com-DBLP,317080,317080,2099732
2377,Williams,mc2depi,525825,525825,2100225
1232,GHS_indef,darcy003,389874,389874,2101242
1241,GHS_indef,mario002,389874,389874,2101242
2427,AG-Monien,wave,156317,156317,2118662
959,Schenk_IBMSDS,matrix_9,103430,103430,2121550
2517,DIMACS10,144,144649,144649,2148786
536,Gupta,gupta1,31802,31802,2164210
2595,DIMACS10,il2010,451554,451554,2164464
851,Chen,pkustk05,37164,37164,2205144
1357,PARSEC,H2O,67024,67024,2216736
1235,GHS_indef,exdata_1,6001,6001,2269501
2303,SNAP,web-Stanford,281903,281903,2312497
2460,DIMACS10,citationCiteseer,268495,268495,2313294
1420,Sandia,ASIC_680ks,682712,682712,2329176
1287,GHS_psdef,vanbody,47072,47072,2336898
1579,Schenk_IBMNA,c-big,345241,345241,2341011
2590,DIMACS10,fl2010,484481,484481,2346294
374,Bova,rma10,46835,46835,2374001
928,FEMLAB,poisson3Db,85623,85623,2374949
2223,TSOPF,TSOPF_FS_b162_c4,40798,40798,2398220
853,Chen,pkustk07,16860,16860,2418804
1390,Andrianov,net4-1,88343,88343,2441727
2642,DIMACS10,vsp_msc10848_300sep_100in_1Kout,21996,21996,2442056
2834,VLSI,nv1,75468,75468,2449194
1286,DNVS,tsyl201,20685,20685,2454957
2570,Bodendiek,CurlCurl_1,226451,226451,2472071
2838,VLSI,power9,155376,155376,2512300
852,Chen,pkustk06,43164,43164,2571768
1387,Andrianov,net125,36720,36720,2577200
2378,Williams,cop20k_A,121192,121192,2624331
1417,Sandia,ASIC_320k,321821,321821,2635364
2848,Freescale,nxp1,414604,414604,2656177
761,Nasa,nasasrb,54870,54870,2677324
960,Schenk_IBMSDS,matrix-new_3,125329,125329,2678750
356,Boeing,ct20stif,52329,52329,2698463
368,Boeing,pct20stif,52329,52329,2698463
1431,Oberwolfach,filter3D,106437,106437,2707179
2815,Grueninger,windtunnel_evap3d,40816,40816,2730600
1236,GHS_indef,helm2d03,392257,392257,2741935
1382,Andrianov,ins2,309412,309412,2751484
2260,Botonakis,thermomech_dK,204316,204316,2846228
1274,GHS_psdef,ramage02,16830,16830,2866352
2238,TSOPF,TSOPF_RS_b300_c2,28338,28338,2943887
1282,GHS_psdef,srb1,54924,54924,2962152
895,Norris,stomach,213360,213360,3021648
2318,SNAP,roadNet-PA,1090920,1090920,3083796
805,Rothberg,cfd2,123440,123440,3087898
2502,DIMACS10,rgg_n_2_18_s0,262144,262144,3094566
2510,DIMACS10,belgium_osm,1441295,1441295,3099940
2228,TSOPF,TSOPF_FS_b39_c30,120216,120216,3121160
1388,Andrianov,net150,43520,43520,3121200
849,Chen,pkustk03,63336,63336,3130416
2474,DIMACS10,delaunay_n19,524288,524288,3145646
932,FEMLAB,sme3Dc,42930,42930,3148656
2305,SNAP,amazon0312,400727,400727,3200440
803,Rothberg,3dtube,45330,45330,3213618
2441,LAW,cnr-2000,325557,325557,3216152
854,Chen,pkustk08,22209,22209,3226671
936,ND,nd3k,9000,9000,3279690
2798,SNAP,wiki-talk-temporal,1140149,1140149,3309592
2306,SNAP,amazon0505,410236,410236,3356824
2529,DIMACS10,m14b,214765,214765,3358036
1354,PARSEC,GaAsH6,61349,61349,3381809
2307,SNAP,amazon0601,403394,403394,3387388
2557,Chevron,Chevron3,381381,381381,3413113
1852,Botonakis,FEM_3D_thermal2,147900,147900,3489300
2586,DIMACS10,ca2010,710145,710145,3489366
1270,GHS_psdef,oilpan,73752,73752,3597188
2830,Embree,ifiss_mat,96307,96307,3599932
1849,UTEP,Dubcova3,146689,146689,3636649
1853,Wissgott,parabolic_fem,525825,525825,3674625
2770,Mycielski,mycielskian14,12287,12287,3695512
2816,PowerSystem,power197k,197156,197156,3698357
1909,TKK,smt,25710,25710,3753184
1276,GHS_psdef,s3dkt3m2,90449,90449,3753461
1906,TKK,s4dkt3m2,90449,90449,3753461
964,Schenk_ISEI,barrier2-1,113076,113076,3805068
965,Schenk_ISEI,barrier2-2,113076,113076,3805068
966,Schenk_ISEI,barrier2-3,113076,113076,3805068
967,Schenk_ISEI,barrier2-4,113076,113076,3805068
2319,SNAP,roadNet-TX,1393383,1393383,3843320
802,Ronis,xenon2,157464,157464,3866688
1419,Sandia,ASIC_680k,682862,682862,3871773
961,Schenk_ISEI,barrier2-10,115625,115625,3897557
962,Schenk_ISEI,barrier2-11,115625,115625,3897557
963,Schenk_ISEI,barrier2-12,115625,115625,3897557
968,Schenk_ISEI,barrier2-9,115625,115625,3897557
2375,Williams,cant,62451,62451,4007383
2633,DIMACS10,vsp_bcsstk30_500sep_10in_1Kout,58348,58348,4033156
2756,Meng,iChem_Jacobian,274087,274087,4137369
2439,AG-Monien,debr,1048576,1048576,4194298
850,Chen,pkustk04,55590,55590,4218660
2283,Um,offshore,259789,259789,4242673
537,Gupta,gupta2,62064,62064,4248286
856,Chen,pkustk10,80676,80676,4308984
2373,Williams,pdb1HYS,36417,36417,4344765
1208,Oberwolfach,t3dh_a,79171,79171,4352105
1209,Oberwolfach,t3dh_e,79171,79171,4352105
1450,Oberwolfach,t3dh,79171,79171,4352105
2243,TSOPF,TSOPF_RS_b678_c1,18696,18696,4396289
2220,TSOPF,TSOPF_FS_b300,29214,29214,4400122
2224,TSOPF,TSOPF_FS_b300_c1,29214,29214,4400122
2239,TSOPF,TSOPF_RS_b300_c3,42138,42138,4413449
898,Norris,torso3,259156,259156,4429042
2624,DIMACS10,tx2010,914231,914231,4456272
1283,DNVS,thread,29736,29736,4470048
1898,CEMW,tmt_unsym,917825,917825,4584801
1277,DNVS,ship_001,34920,34920,4644230
1910,TKK,engine,143571,143571,4706073
1423,GHS_psdef,apache2,715176,715176,4817870
1275,GHS_psdef,s3dkq4m2,90449,90449,4820891
1396,Rajat,rajat29,643994,643994,4866270
2516,DIMACS10,netherlands_osm,2216688,2216688,4882476
2489,DIMACS10,kron_g500-logn16,65536,65536,4912469
1883,McRae,ecology2,999999,999999,4995991
1882,McRae,ecology1,1000000,1000000,4996000
2291,SNAP,wiki-Talk,2394385,2394385,5021410
2215,FreeFieldTechnologies,mono_500Hz,169410,169410,5036288
1899,CEMW,tmt_sym,726713,726713,5080961
2301,SNAP,web-Google,916428,916428,5105039
1361,PARSEC,Si34H36,97569,97569,5156379
2445,LAW,amazon-2008,735323,735323,5158388
857,Chen,pkustk11,87804,87804,5217912
1861,Koutsovasilis,F2,71505,71505,5294285
973,Schenk_ISEI,para-4,153226,153226,5326228
1867,Muite,Chebyshev4,68121,68121,5377761
972,Schenk_ISEI,para-10,155924,155924,5416358
974,Schenk_ISEI,para-5,155924,155924,5416358
975,Schenk_ISEI,para-6,155924,155924,5416358
976,Schenk_ISEI,para-7,155924,155924,5416358
977,Schenk_ISEI,para-8,155924,155924,5416358
978,Schenk_ISEI,para-9,155924,155924,5416358
1201,Hamrle,Hamrle3,1447360,1447360,5514242
2317,SNAP,roadNet-CA,1971281,1971281,5533214
1893,QLi,largebasis,440020,440020,5560100
285,ATandT,pre2,659033,659033,5959282
1352,PARSEC,Ga3As3H12,61349,61349,5970947
2783,SNAP,com-Youtube,1134890,1134890,5975248
2374,Williams,consph,83334,83334,6010480
1350,PARSEC,Ga10As10H30,113081,113081,6115633
1397,Rajat,rajat30,643994,643994,6175377
2849,Martin,marine1,400320,400320,6226538
2580,DIMACS10,NACA0015,1039183,1039183,6229636
2475,DIMACS10,delaunay_n20,1048576,1048576,6291372
2558,Chevron,Chevron4,711450,711450,6376412
2812,Guettel,TEM152078,152078,152078,6459326
2503,DIMACS10,rgg_n_2_19_s0,524288,524288,6539532
859,Chen,pkustk13,94893,94893,6616827
2519,DIMACS10,auto,448695,448695,6629222
1281,DNVS,shipsec8,114919,114919,6653399
1454,Oberwolfach,boneS01,127224,127224,6715152
2235,TSOPF,TSOPF_RS_b2052_c1,25626,25626,6761100
937,ND,nd6k,18000,18000,6897316
1253,GHS_psdef,bmw7st_1,141347,141347,7339667
914,vanHeukelum,cage13,445315,445315,7479343
858,Chen,pkustk12,94653,94653,7512317
980,Kamvar,Stanford_Berkeley,683446,683446,7583376
2300,SNAP,web-BerkStan,685230,685230,7600595
2839,VLSI,radiation,223104,223104,7637688
1421,AMD,G3_circuit,1585478,1585478,7660826
1349,PARSEC,CO,221119,221119,7666057
1279,DNVS,shipsec1,140874,140874,7813404
2813,Guettel,TEM181302,181302,181302,7839010
1355,PARSEC,Ge87H76,112985,112985,7892195
1278,DNVS,ship_003,121728,121728,8086034
2336,Fluorem,PR02R,161070,161070,8185136
1356,PARSEC,Ge99H100,112985,112985,8451395
896,Norris,torso1,116158,116158,8516500
2225,TSOPF,TSOPF_FS_b300_c2,56814,56814,8767466
2244,TSOPF,TSOPF_RS_b678_c2,35696,35696,8781949
2265,Bourchtein,atmosmodd,1270432,1270432,8814880
2266,Bourchtein,atmosmodj,1270432,1270432,8814880
1351,PARSEC,Ga19As19H42,133123,133123,8884839
2571,Bodendiek,CurlCurl_2,806529,806529,8921789
806,Rothberg,gearbox,153746,153746,9080404
538,Gupta,gupta3,16783,16783,9323427
1393,Andrianov,pattern1,19242,19242,9323432
1269,DNVS,m_t1,97578,97578,9753570
2330,Gleich,flickr,820878,820878,9837214
1280,DNVS,shipsec5,179860,179860,10113096
1290,DNVS,x104,108384,108384,10167624
2490,DIMACS10,kron_g500-logn17,131072,131072,10228360
2267,Bourchtein,atmosmodl,1489752,1489752,10319760
2268,Bourchtein,atmosmodm,1489752,1489752,10319760
1385,Andrianov,mip1,66463,66463,10352819
1257,GHS_psdef,crankseg_1,52804,52804,10614210
1254,GHS_psdef,bmwcra_1,148770,148770,10644002
1364,PARSEC,Si87H76,240369,240369,10661631
1266,GHS_psdef,hood,220542,220542,10768436
971,Schenk_ISEI,ohne2,181343,181343,11063545
2771,Mycielski,mycielskian15,24575,24575,11111110
1367,PARSEC,SiO2,155331,155331,11283503
1219,GHS_indef,bmw3_2,227362,227362,11288630
1260,DNVS,fcondp2,201822,201822,11294316
863,Kim,kim2,456976,456976,11330020
369,Boeing,pwtk,217918,217918,11634424
1264,DNVS,fullb,199187,199187,11708077
1285,DNVS,troll,213453,213453,11985111
2831,Hardesty,Hardesty1,938905,938905,12143314
1265,DNVS,halfb,224617,224617,12387821
2476,DIMACS10,delaunay_n21,2097152,2097152,12582816
2840,VLSI,test1,392908,392908,12968200
2226,TSOPF,TSOPF_FS_b300_c3,84414,84414,13135930
1850,BenElechi,BenElechi1,245874,245874,13150496
2572,Bodendiek,CurlCurl_3,1219574,1219574,13544618
2483,DIMACS10,hugetrace-00000,4588484,4588484,13758266
2504,DIMACS10,rgg_n_2_20_s0,1048576,1048576,13783240
2514,DIMACS10,italy_osm,6686493,6686493,14027956
1258,GHS_psdef,crankseg_2,63838,63838,14148858
938,ND,nd12k,36000,36000,14220946
1857,Sinclair,3Dspectralwave2,292008,292008,14322744
1876,Zaoui,kkt_power,2063494,2063494,14612663
2274,Freescale,memchip,2707524,2707524,14810202
860,Chen,pkustk14,151926,151926,14836504
2786,SNAP,higgs-twitter,456626,456626,14855842
1362,PARSEC,Si41Ge41H72,185639,185639,15011265
2498,DIMACS10,venturiLevel3,4026819,4026819,16108474
2219,TSOPF,TSOPF_RS_b2383,38120,38120,16171169
2236,TSOPF,TSOPF_RS_b2383_c1,38120,38120,16171169
2513,DIMACS10,great-britain_osm,7733822,7733822,16313034
2442,LAW,in-2004,1382908,1382908,16917053
2486,DIMACS10,hugetric-00000,5824554,5824554,17467046
1580,Schenk_AFE,af_0_k101,503625,503625,17550675
1581,Schenk_AFE,af_1_k101,503625,503625,17550675
1582,Schenk_AFE,af_2_k101,503625,503625,17550675
1583,Schenk_AFE,af_3_k101,503625,503625,17550675
1584,Schenk_AFE,af_4_k101,503625,503625,17550675
1585,Schenk_AFE,af_5_k101,503625,503625,17550675
940,Schenk_AFE,af_shell1,504855,504855,17588875
941,Schenk_AFE,af_shell2,504855,504855,17588875
942,Schenk_AFE,af_shell3,504855,504855,17588875
943,Schenk_AFE,af_shell4,504855,504855,17588875
944,Schenk_AFE,af_shell5,504855,504855,17588875
945,Schenk_AFE,af_shell6,504855,504855,17588875
946,Schenk_AFE,af_shell7,504855,504855,17588875
947,Schenk_AFE,af_shell8,504855,504855,17588875
948,Schenk_AFE,af_shell9,504855,504855,17588875
1353,PARSEC,Ga41As41H72,268096,268096,18488476
2216,Freescale,Freescale1,3428755,3428755,18920347
2277,Freescale,circuit5M_dc,3523317,3523317,19194193
2443,LAW,eu-2005,862664,862664,19235140
1843,Gleich,wikipedia-20051105,1634989,1634989,19753078
2487,DIMACS10,hugetric-00010,6592765,6592765,19771708
2664,Mazaheri,bundle_adj,513351,513351,20208051
2246,Lee,fem_hifreq_circuit,491100,491100,20239237
1644,INPRO,msdoor,415863,415863,20240935
1398,Rajat,rajat31,4690002,4690002,20316253
2579,DIMACS10,M6,3501776,3501776,21003872
2491,DIMACS10,kron_g500-logn18,262144,262144,21165908
2488,DIMACS10,hugetric-00020,7122792,7122792,21361554
2329,Dziekonski,gsm_106857,589446,589446,21758924
2321,SNAP,as-Skitter,1696415,1696415,22190596
2577,DIMACS10,333SP,3712815,3712815,22217266
2647,Janna,CoupCons3D,416800,416800,22322336
2578,DIMACS10,AS365,3799275,3799275,22736152
2662,Freescale,Freescale2,2999349,2999349,23042677
2649,Janna,Transport,1602111,1602111,23500731
2512,DIMACS10,germany_osm,11548845,11548845,24738362
2581,DIMACS10,NLR,4163763,4163763,24975952
2477,DIMACS10,delaunay_n22,4194304,4194304,25165738
2385,Dziekonski,dielFilterV2clx,607232,607232,25309272
2509,DIMACS10,asia_osm,11950757,11950757,25423206
2573,Bodendiek,CurlCurl_4,2380515,2380515,26515867
1411,Koutsovasilis,F1,343791,343791,26837113
915,vanHeukelum,cage14,1505785,1505785,27130349
2495,DIMACS10,adaptive,6815744,6815744,27248640
2648,Janna,ML_Laplace,377002,377002,27689972
2799,SNAP,wiki-topcats,1791489,1791489,28511807
2543,Janna,Fault_639,638802,638802,28614564
1901,Schenk,nlpkkt80,1062400,1062400,28704672
939,ND,nd24k,72000,72000,28715634
2282,Belcastro,mouse_gene,45101,45101,28967291
2505,DIMACS10,rgg_n_2_21_s0,2097152,2097152,28975990
2464,DIMACS10,coPapersDBLP,540486,540486,30491458
2789,SNAP,soc-Pokec,1632803,1632803,30622564
2463,DIMACS10,coPapersCiteseer,434102,434102,32073440
2387,Dziekonski,dielFilterV3clx,420408,420408,32886208
2772,Mycielski,mycielskian16,49151,49151,33382480
1856,Sinclair,3Dspectralwave,680943,680943,33650589
2458,DIMACS10,road_central,14081816,14081816,33866826
2847,VLSI,ss,1652680,1652680,34753577
2497,DIMACS10,packing-500x100x100-b050,2145852,2145852,34976486
2484,DIMACS10,hugetrace-00010,12057441,12057441,36164358
2794,SNAP,sx-stackoverflow,2601977,2601977,36233450
1267,GHS_psdef,inline_1,503712,503712,36816342
1844,Gleich,wikipedia-20060925,2983494,2983494,37269096
2337,Fluorem,RM07R,381689,381689,37464962
2800,MAWI,mawi_201512012345,18571154,18571154,38040320
2841,VLSI,dgreen,1200611,1200611,38259877
1845,Gleich,wikipedia-20061104,3148440,3148440,39383235
2542,Janna,Emilia_923,923136,923136,41005206
1846,Gleich,wikipedia-20070206,3566907,3566907,45030389
1268,GHS_psdef,ldoor,952203,952203,46522475
2485,DIMACS10,hugetrace-00020,16002413,16002413,47997626
2386,Dziekonski,dielFilterV2real,1157456,1157456,48538952
2478,DIMACS10,delaunay_n23,8388608,8388608,50331568
1586,Schenk_AFE,af_shell10,1508065,1508065,52672325
2835,VLSI,nv2,1453908,1453908,52728362
2480,DIMACS10,hugebubbles-00000,18318143,18318143,54940162
1455,Oberwolfach,boneS10,914898,914898,55468422
2459,DIMACS10,road_usa,23947347,23947347,57708624
2854,GAP,GAP-road,23947347,23947347,57708624
2481,DIMACS10,hugebubbles-00010,19458087,19458087,58359528
2276,Freescale,circuit5M,5558326,5558326,59524291
2506,DIMACS10,rgg_n_2_22_s0,4194304,4194304,60718396
2546,Janna,Hook_1498,1498023,1498023,60917445
2545,Janna,Geo_1438,1437960,1437960,63156690
2482,DIMACS10,hugebubbles-00020,21198119,21198119,63580358
2541,Janna,Serena,1391349,1391349,64531701
2285,SNAP,soc-LiveJournal1,4847571,4847571,68993773
2781,SNAP,com-LiveJournal,3997962,3997962,69362378
1453,Oberwolfach,bone010,986703,986703,71666325
2801,MAWI,mawi_201512020000,35991342,35991342,74485420
1252,GHS_psdef,audikw_1,943695,943695,77651847
2446,LAW,ljournal-2008,5363260,5363260,79023142
2496,DIMACS10,channel-500x100x100-b050,4802000,4802000,85362744
2550,Janna,Long_Coup_dt0,1470152,1470152,87088992
2551,Janna,Long_Coup_dt6,1470152,1470152,87088992
2493,DIMACS10,kron_g500-logn20,1048576,1048576,89239674
2388,Dziekonski,dielFilterV3real,1102824,1102824,89306020
1902,Schenk,nlpkkt120,3542400,3542400,96845792
916,vanHeukelum,cage15,5154859,5154859,99199551
2773,Mycielski,mycielskian17,98303,98303,100245742
2479,DIMACS10,delaunay_n24,16777216,16777216,100663202
2511,DIMACS10,europe_osm,50912018,50912018,108109320
2650,Janna,ML_Geer,1504002,1504002,110879972
2447,LAW,hollywood-2009,1139905,1139905,113891327
2809,GenBank,kmer_V2a,55042369,55042369,117217600
2544,Janna,Flan_1565,1564794,1564794,117406044
2507,DIMACS10,rgg_n_2_23_s0,8388608,8388608,127002786
2548,Janna,Cube_Coup_dt0,2164760,2164760,127206144
2549,Janna,Cube_Coup_dt6,2164760,2164760,127206144
2807,GenBank,kmer_U1a,67716231,67716231,138778562
2802,MAWI,mawi_201512020030,68863315,68863315,143414960
2494,DIMACS10,kron_g500-logn21,2097152,2097152,182082942
2451,LAW,indochina-2004,7414866,7414866,194109311
1903,Schenk,nlpkkt160,8345600,8345600,229518112
2782,SNAP,com-Orkut,3072441,3072441,234370166
2508,DIMACS10,rgg_n_2_24_s0,16777216,16777216,265114400
2803,MAWI,mawi_201512020130,128568730,128568730,270234840
2384,Fluorem,HV15R,2017169,2017169,283073458
2806,GenBank,kmer_P1a,139353211,139353211,297829984
2450,LAW,uk-2002,18520486,18520486,298113762
2774,Mycielski,mycielskian18,196607,196607,300933832
2660,Janna,Queen_4147,4147110,4147110,329499284
2845,VLSI,stokes,11449533,11449533,349321980
2805,GenBank,kmer_A2a,170728175,170728175,360585172
1904,Schenk,nlpkkt200,16240000,16240000,448225632
2808,GenBank,kmer_V1r,214005017,214005017,465410904
2804,MAWI,mawi_201512020330,226196185,226196185,480047894
2453,LAW,arabic-2005,22744080,22744080,639999458
1905,Schenk,nlpkkt240,27993600,27993600,774472352
2775,Mycielski,mycielskian19,393215,393215,903194710
2455,LAW,uk-2005,39459925,39459925,936364282
2449,LAW,webbase-2001,118142155,118142155,1019903190
2452,LAW,it-2004,41291594,41291594,1150725436
2852,GAP,GAP-twitter,61578415,61578415,1468364884
2796,SNAP,twitter7,41652230,41652230,1468365182
2853,GAP,GAP-web,50636151,50636151,1930292948
2454,LAW,sk-2005,50636154,50636154,1949412601
